## TABLE STRUCTURE FOR: branch#DROP TABLE IF EXISTS `branch`;CREATE TABLE `branch` (
  `SN` int(11) NOT NULL AUTO_INCREMENT,
  `branch_name` varchar(255) NOT NULL,
  `branch_address` tinytext NOT NULL,
  `delete_status` int(11) NOT NULL DEFAULT '0',
  `created` timestamp NOT NULL DEFAULT CURRENT_TIMESTAMP,
  `updated` timestamp NOT NULL DEFAULT CURRENT_TIMESTAMP ON UPDATE CURRENT_TIMESTAMP,
  PRIMARY KEY (`SN`)
) ENGINE=InnoDB AUTO_INCREMENT=4 DEFAULT CHARSET=latin1;INSERT INTO `branch` (`SN`, `branch_name`, `branch_address`, `delete_status`, `created`, `updated`) VALUES ('1', 'Taiwo', 'Ilorin', '0', '2019-09-02 14:20:39', '2019-09-02 14:20:39');INSERT INTO `branch` (`SN`, `branch_name`, `branch_address`, `delete_status`, `created`, `updated`) VALUES ('2', 'Lekki Branch', 'Lekki', '0', '2019-09-17 14:29:35', '2019-09-17 14:29:35');INSERT INTO `branch` (`SN`, `branch_name`, `branch_address`, `delete_status`, `created`, `updated`) VALUES ('3', 'Ikeja Branch', 'Ikeja Branch', '0', '2019-09-17 14:29:49', '2019-09-17 14:29:49');## TABLE STRUCTURE FOR: category#DROP TABLE IF EXISTS `category`;CREATE TABLE `category` (
  `SN` int(11) NOT NULL AUTO_INCREMENT,
  `category` tinytext NOT NULL,
  `updated` timestamp NOT NULL DEFAULT CURRENT_TIMESTAMP ON UPDATE CURRENT_TIMESTAMP,
  `created` timestamp NOT NULL DEFAULT CURRENT_TIMESTAMP,
  PRIMARY KEY (`SN`)
) ENGINE=InnoDB AUTO_INCREMENT=3 DEFAULT CHARSET=latin1;INSERT INTO `category` (`SN`, `category`, `updated`, `created`) VALUES ('2', 'Soft Drinks', '2020-01-08 13:21:21', '2020-01-08 13:21:21');## TABLE STRUCTURE FOR: ci_sessions#DROP TABLE IF EXISTS `ci_sessions`;CREATE TABLE `ci_sessions` (
  `session_id` varchar(40) COLLATE utf8_bin NOT NULL DEFAULT '0',
  `ip_address` varchar(16) COLLATE utf8_bin NOT NULL DEFAULT '0',
  `user_agent` varchar(150) COLLATE utf8_bin NOT NULL,
  `last_activity` int(10) unsigned NOT NULL DEFAULT '0',
  `user_data` text COLLATE utf8_bin NOT NULL,
  PRIMARY KEY (`session_id`)
) ENGINE=InnoDB DEFAULT CHARSET=utf8 COLLATE=utf8_bin;## TABLE STRUCTURE FOR: credit_payment_history#DROP TABLE IF EXISTS `credit_payment_history`;CREATE TABLE `credit_payment_history` (
  `sn` int(11) NOT NULL AUTO_INCREMENT,
  `customer_id` int(11) NOT NULL,
  `date_added` date NOT NULL,
  `amount` varchar(500) NOT NULL,
  `sales_rep` int(11) NOT NULL,
  `payment_method` int(11) NOT NULL,
  `credit_SN` int(11) NOT NULL,
  `branch_id` int(11) NOT NULL,
  `credit_id` varchar(100) NOT NULL,
  `reciept_id` varchar(100) NOT NULL,
  PRIMARY KEY (`sn`)
) ENGINE=InnoDB AUTO_INCREMENT=6 DEFAULT CHARSET=latin1;INSERT INTO `credit_payment_history` (`sn`, `customer_id`, `date_added`, `amount`, `sales_rep`, `payment_method`, `credit_SN`, `branch_id`, `credit_id`, `reciept_id`) VALUES ('1', '1', '2020-01-24', '200', '1', '1', '1', '0', 'KC50702', 'IZ07940');INSERT INTO `credit_payment_history` (`sn`, `customer_id`, `date_added`, `amount`, `sales_rep`, `payment_method`, `credit_SN`, `branch_id`, `credit_id`, `reciept_id`) VALUES ('2', '1', '2020-01-24', '790', '1', '1', '1', '0', 'KC50702', 'SO48029');INSERT INTO `credit_payment_history` (`sn`, `customer_id`, `date_added`, `amount`, `sales_rep`, `payment_method`, `credit_SN`, `branch_id`, `credit_id`, `reciept_id`) VALUES ('3', '2', '2020-02-02', '400', '1', '1', '5', '0', 'KX23229', 'AP01603');INSERT INTO `credit_payment_history` (`sn`, `customer_id`, `date_added`, `amount`, `sales_rep`, `payment_method`, `credit_SN`, `branch_id`, `credit_id`, `reciept_id`) VALUES ('4', '2', '2020-02-02', '100', '1', '2', '5', '0', 'KX23229', 'RD41989');INSERT INTO `credit_payment_history` (`sn`, `customer_id`, `date_added`, `amount`, `sales_rep`, `payment_method`, `credit_SN`, `branch_id`, `credit_id`, `reciept_id`) VALUES ('5', '2', '2020-02-02', '900', '1', '3', '4', '0', 'LX21311', 'JC84339');## TABLE STRUCTURE FOR: deposit#DROP TABLE IF EXISTS `deposit`;CREATE TABLE `deposit` (
  `deposit_id` varchar(100) NOT NULL,
  `SN` bigint(30) NOT NULL AUTO_INCREMENT,
  `date_added` date NOT NULL,
  `sales_rep` int(11) NOT NULL,
  `product` text NOT NULL,
  `amount` varchar(500) NOT NULL,
  `reciept_id` varchar(500) NOT NULL,
  `customer_id` int(11) NOT NULL,
  `payment_method` int(11) NOT NULL,
  `reason_for_refund` text NOT NULL,
  `deposit_for` text NOT NULL,
  `branch_id` int(11) NOT NULL,
  `deposit_status` enum('PENDING-USAGE','USED','REFUND','PENDING') NOT NULL DEFAULT 'PENDING',
  `sales_id` int(11) NOT NULL,
  `refund_for` text NOT NULL,
  `date_refunded` date NOT NULL,
  PRIMARY KEY (`SN`)
) ENGINE=MyISAM AUTO_INCREMENT=5 DEFAULT CHARSET=latin1;INSERT INTO `deposit` (`deposit_id`, `SN`, `date_added`, `sales_rep`, `product`, `amount`, `reciept_id`, `customer_id`, `payment_method`, `reason_for_refund`, `deposit_for`, `branch_id`, `deposit_status`, `sales_id`, `refund_for`, `date_refunded`) VALUES ('DE76830', '1', '2019-12-07', '1', '', '1000', 'RP11144', '1', '1', '', 'Milo', '0', 'USED', '3', '', '0000-00-00');INSERT INTO `deposit` (`deposit_id`, `SN`, `date_added`, `sales_rep`, `product`, `amount`, `reciept_id`, `customer_id`, `payment_method`, `reason_for_refund`, `deposit_for`, `branch_id`, `deposit_status`, `sales_id`, `refund_for`, `date_refunded`) VALUES ('CR05821', '2', '2020-02-06', '1', '', '3000', 'SD04130', '3', '1', '', 'Payment for something', '0', 'USED', '7', '', '0000-00-00');INSERT INTO `deposit` (`deposit_id`, `SN`, `date_added`, `sales_rep`, `product`, `amount`, `reciept_id`, `customer_id`, `payment_method`, `reason_for_refund`, `deposit_for`, `branch_id`, `deposit_status`, `sales_id`, `refund_for`, `date_refunded`) VALUES ('HB1581235832', '3', '2020-02-09', '1', '', '1000', 'KZ1581235832', '4', '1', '', 'Hello Weold', '0', 'PENDING', '0', '', '0000-00-00');INSERT INTO `deposit` (`deposit_id`, `SN`, `date_added`, `sales_rep`, `product`, `amount`, `reciept_id`, `customer_id`, `payment_method`, `reason_for_refund`, `deposit_for`, `branch_id`, `deposit_status`, `sales_id`, `refund_for`, `date_refunded`) VALUES ('VE1581352876', '4', '2020-02-10', '1', '', '1000', 'DV1581352876', '1', '1', '', 'Laptop', '0', 'PENDING', '0', '', '0000-00-00');## TABLE STRUCTURE FOR: deposit_payment_history#DROP TABLE IF EXISTS `deposit_payment_history`;CREATE TABLE `deposit_payment_history` (
  `sn` int(11) NOT NULL AUTO_INCREMENT,
  `customer_id` int(11) NOT NULL,
  `date_added` date NOT NULL,
  `amount` varchar(500) NOT NULL,
  `sales_rep` int(11) NOT NULL,
  `payment_method` int(11) NOT NULL,
  `deposit_SN` int(11) NOT NULL,
  `branch_id` int(11) NOT NULL,
  `deposit_id` varchar(100) NOT NULL,
  `reciept_id` varchar(100) NOT NULL,
  PRIMARY KEY (`sn`)
) ENGINE=InnoDB AUTO_INCREMENT=7 DEFAULT CHARSET=latin1;INSERT INTO `deposit_payment_history` (`sn`, `customer_id`, `date_added`, `amount`, `sales_rep`, `payment_method`, `deposit_SN`, `branch_id`, `deposit_id`, `reciept_id`) VALUES ('1', '1', '2019-12-07', '1000', '1', '1', '1', '0', 'DE76830', 'RP11144');INSERT INTO `deposit_payment_history` (`sn`, `customer_id`, `date_added`, `amount`, `sales_rep`, `payment_method`, `deposit_SN`, `branch_id`, `deposit_id`, `reciept_id`) VALUES ('2', '1', '2019-12-07', '3000', '1', '2', '1', '0', 'DE76830', 'DT45780');INSERT INTO `deposit_payment_history` (`sn`, `customer_id`, `date_added`, `amount`, `sales_rep`, `payment_method`, `deposit_SN`, `branch_id`, `deposit_id`, `reciept_id`) VALUES ('3', '3', '2020-02-06', '3000', '1', '1', '2', '0', 'CR05821', 'SD04130');INSERT INTO `deposit_payment_history` (`sn`, `customer_id`, `date_added`, `amount`, `sales_rep`, `payment_method`, `deposit_SN`, `branch_id`, `deposit_id`, `reciept_id`) VALUES ('4', '3', '2020-02-06', '1000', '1', '1', '2', '0', 'CR05821', 'VO26267');INSERT INTO `deposit_payment_history` (`sn`, `customer_id`, `date_added`, `amount`, `sales_rep`, `payment_method`, `deposit_SN`, `branch_id`, `deposit_id`, `reciept_id`) VALUES ('5', '4', '2020-02-09', '1000', '1', '1', '3', '0', 'HB1581235832', 'KZ1581235832');INSERT INTO `deposit_payment_history` (`sn`, `customer_id`, `date_added`, `amount`, `sales_rep`, `payment_method`, `deposit_SN`, `branch_id`, `deposit_id`, `reciept_id`) VALUES ('6', '1', '2020-02-10', '1000', '1', '1', '4', '0', 'VE1581352876', 'DV1581352876');## TABLE STRUCTURE FOR: login_attempts#DROP TABLE IF EXISTS `login_attempts`;CREATE TABLE `login_attempts` (
  `id` int(11) NOT NULL AUTO_INCREMENT,
  `ip_address` varchar(40) COLLATE utf8_bin NOT NULL,
  `login` varchar(50) COLLATE utf8_bin NOT NULL,
  `time` timestamp NOT NULL DEFAULT CURRENT_TIMESTAMP ON UPDATE CURRENT_TIMESTAMP,
  PRIMARY KEY (`id`)
) ENGINE=InnoDB DEFAULT CHARSET=utf8 COLLATE=utf8_bin;## TABLE STRUCTURE FOR: manufacturer#DROP TABLE IF EXISTS `manufacturer`;CREATE TABLE `manufacturer` (
  `SN` int(11) NOT NULL AUTO_INCREMENT,
  `manufacturer` tinytext NOT NULL,
  `updated` timestamp NOT NULL DEFAULT CURRENT_TIMESTAMP ON UPDATE CURRENT_TIMESTAMP,
  `created` timestamp NOT NULL DEFAULT CURRENT_TIMESTAMP,
  PRIMARY KEY (`SN`)
) ENGINE=InnoDB AUTO_INCREMENT=3 DEFAULT CHARSET=latin1;INSERT INTO `manufacturer` (`SN`, `manufacturer`, `updated`, `created`) VALUES ('2', 'Edinwo', '2020-01-08 13:20:48', '2020-01-08 13:20:48');## TABLE STRUCTURE FOR: moved_history#DROP TABLE IF EXISTS `moved_history`;CREATE TABLE `moved_history` (
  `SN` int(11) NOT NULL AUTO_INCREMENT,
  `stock_id` int(11) NOT NULL,
  `from` varchar(100) NOT NULL,
  `to` varchar(100) NOT NULL,
  `date` date NOT NULL,
  `qty_moved` int(11) NOT NULL,
  `remaining_qty` int(11) NOT NULL,
  `updated` timestamp NOT NULL DEFAULT CURRENT_TIMESTAMP ON UPDATE CURRENT_TIMESTAMP,
  `created` timestamp NOT NULL DEFAULT '0000-00-00 00:00:00',
  PRIMARY KEY (`SN`)
) ENGINE=InnoDB DEFAULT CHARSET=latin1;## TABLE STRUCTURE FOR: others#DROP TABLE IF EXISTS `others`;CREATE TABLE `others` (
  `SN` int(11) NOT NULL AUTO_INCREMENT,
  `vat` varchar(20) NOT NULL,
  `scharge` varchar(20) NOT NULL,
  `sname` text NOT NULL,
  `saddress_1` text NOT NULL,
  `saddress_2` text NOT NULL,
  `scontact_no` text NOT NULL,
  `footer_rec` text NOT NULL,
  `slogo` varchar(250) NOT NULL,
  `track_expiry_date` int(11) NOT NULL,
  `credit_limit` bigint(20) NOT NULL,
  `store_name` varchar(600) NOT NULL,
  PRIMARY KEY (`SN`)
) ENGINE=InnoDB AUTO_INCREMENT=2 DEFAULT CHARSET=latin1;INSERT INTO `others` (`SN`, `vat`, `scharge`, `sname`, `saddress_1`, `saddress_2`, `scontact_no`, `footer_rec`, `slogo`, `track_expiry_date`, `credit_limit`, `store_name`) VALUES ('1', '7.5', '0', 'Ediwo Super Market', 'No 28, University Road, Besides Ostrich Bakery Tanke Ilorin. Nigeria', 'hello', '08051516565', 'Goods Bought in Good <br/> condition can not be returned <br/>', 'http://localhost/pos/store_assets/1578864411-store_logo.png', '34', '400', 'Taiwo Branch');## TABLE STRUCTURE FOR: payment_method#DROP TABLE IF EXISTS `payment_method`;CREATE TABLE `payment_method` (
  `SN` int(11) NOT NULL AUTO_INCREMENT,
  `payment_method` varchar(300) NOT NULL,
  `defaults` int(11) NOT NULL,
  PRIMARY KEY (`SN`)
) ENGINE=InnoDB AUTO_INCREMENT=4 DEFAULT CHARSET=latin1;INSERT INTO `payment_method` (`SN`, `payment_method`, `defaults`) VALUES ('1', 'CASH', '1');INSERT INTO `payment_method` (`SN`, `payment_method`, `defaults`) VALUES ('2', 'POS', '1');INSERT INTO `payment_method` (`SN`, `payment_method`, `defaults`) VALUES ('3', 'DEPOSIT', '0');## TABLE STRUCTURE FOR: product_bar_code#DROP TABLE IF EXISTS `product_bar_code`;CREATE TABLE `product_bar_code` (
  `SN` int(11) NOT NULL AUTO_INCREMENT,
  `bar_code` tinytext NOT NULL,
  `stock_id` int(11) NOT NULL,
  `date_available` date NOT NULL,
  `added_by` int(11) NOT NULL,
  `status` int(11) NOT NULL DEFAULT '0',
  `recieved_ref` varchar(100) NOT NULL,
  PRIMARY KEY (`SN`)
) ENGINE=InnoDB DEFAULT CHARSET=latin1;## TABLE STRUCTURE FOR: sales#DROP TABLE IF EXISTS `sales`;CREATE TABLE `sales` (
  `SN` int(11) NOT NULL AUTO_INCREMENT,
  `reciept_id` varchar(100) NOT NULL,
  `items` longtext NOT NULL,
  `discount_type` int(11) NOT NULL,
  `discount` decimal(16,2) NOT NULL,
  `total_amount` decimal(16,2) NOT NULL,
  `status` enum('COMPLETE','VOID','HOLD','PICKUP') NOT NULL,
  `total_amount_paid` decimal(16,2) NOT NULL,
  `total_profit` decimal(16,2) NOT NULL,
  `vat_amount` decimal(16,2) NOT NULL,
  `s_charge_amt` decimal(16,2) NOT NULL,
  `user_id` int(11) NOT NULL,
  `date` date NOT NULL,
  `sales_time` varchar(10) NOT NULL,
  `payment_type` enum('Direct','Invoice') NOT NULL,
  `payment_method` int(11) NOT NULL,
  `customer` int(11) NOT NULL,
  `reservation_invoice_link` varchar(100) NOT NULL,
  `comment` text NOT NULL,
  `branch_id` int(11) NOT NULL,
  `vat` decimal(16,2) NOT NULL,
  `scharge` decimal(16,2) NOT NULL,
  `reason` text NOT NULL,
  `voided_by` int(11) NOT NULL,
  `date_voided` date NOT NULL,
  `created` datetime NOT NULL DEFAULT CURRENT_TIMESTAMP,
  `modified` datetime DEFAULT CURRENT_TIMESTAMP ON UPDATE CURRENT_TIMESTAMP,
  PRIMARY KEY (`SN`)
) ENGINE=InnoDB AUTO_INCREMENT=14 DEFAULT CHARSET=latin1;INSERT INTO `sales` (`SN`, `reciept_id`, `items`, `discount_type`, `discount`, `total_amount`, `status`, `total_amount_paid`, `total_profit`, `vat_amount`, `s_charge_amt`, `user_id`, `date`, `sales_time`, `payment_type`, `payment_method`, `customer`, `reservation_invoice_link`, `comment`, `branch_id`, `vat`, `scharge`, `reason`, `voided_by`, `date_voided`, `created`, `modified`) VALUES ('1', 'DX48147', '[{\"item_name\":\"Cow Bell\",\"item_price\":\"900.00\",\"item_qty\":\"1\",\"total\":900,\"cost_price\":\"600.00\",\"total_cost_price\":600,\"discount\":\"0\",\"profit\":300,\"id\":\"EG06579\"},{\"item_name\":\"Amala\",\"item_price\":\"1200.00\",\"item_qty\":\"1\",\"total\":1100,\"cost_price\":\"1000.00\",\"total_cost_price\":1000,\"discount\":\"100\",\"profit\":200,\"id\":\"JZ09291\"}]', '2', '0.00', '2100.00', 'COMPLETE', '2100.00', '500.00', '0.00', '0.00', '1', '2020-02-02', '02:42 am', 'Direct', '1', '1', '', '', '0', '0.00', '0.00', '', '0', '0000-00-00', '2020-02-02 02:42:32', '2020-02-02 02:42:32');INSERT INTO `sales` (`SN`, `reciept_id`, `items`, `discount_type`, `discount`, `total_amount`, `status`, `total_amount_paid`, `total_profit`, `vat_amount`, `s_charge_amt`, `user_id`, `date`, `sales_time`, `payment_type`, `payment_method`, `customer`, `reservation_invoice_link`, `comment`, `branch_id`, `vat`, `scharge`, `reason`, `voided_by`, `date_voided`, `created`, `modified`) VALUES ('2', 'GF66655', '[{\"item_name\":\"Cow Bell\",\"item_price\":\"900.00\",\"item_qty\":\"1\",\"total\":900,\"cost_price\":\"600.00\",\"total_cost_price\":600,\"discount\":\"0\",\"profit\":300,\"id\":\"EG06579\"},{\"item_name\":\"Sprite\",\"item_price\":\"150.00\",\"item_qty\":\"1\",\"total\":150,\"cost_price\":\"100.00\",\"total_cost_price\":100,\"discount\":\"0\",\"profit\":50,\"id\":\"QV86249\"}]', '2', '0.00', '1050.00', 'COMPLETE', '1050.00', '350.00', '0.00', '0.00', '1', '2020-02-02', '03:11 am', 'Direct', '1', '1', '', '', '0', '0.00', '0.00', '', '0', '0000-00-00', '2020-02-02 03:11:10', '2020-02-02 03:11:10');INSERT INTO `sales` (`SN`, `reciept_id`, `items`, `discount_type`, `discount`, `total_amount`, `status`, `total_amount_paid`, `total_profit`, `vat_amount`, `s_charge_amt`, `user_id`, `date`, `sales_time`, `payment_type`, `payment_method`, `customer`, `reservation_invoice_link`, `comment`, `branch_id`, `vat`, `scharge`, `reason`, `voided_by`, `date_voided`, `created`, `modified`) VALUES ('3', 'WQ23671', '[{\"item_name\":\"Cow Bell\",\"item_price\":\"900.00\",\"item_qty\":\"1\",\"total\":900,\"cost_price\":\"600.00\",\"total_cost_price\":600,\"discount\":\"0\",\"profit\":300,\"id\":\"EG06579\"},{\"item_name\":\"Amala\",\"item_price\":\"1200.00\",\"item_qty\":\"1\",\"total\":1200,\"cost_price\":\"1000.00\",\"total_cost_price\":1000,\"discount\":\"0\",\"profit\":200,\"id\":\"JZ09291\"}]', '2', '150.00', '2100.00', 'COMPLETE', '1950.00', '500.00', '0.00', '0.00', '1', '2020-02-02', '03:12 am', 'Direct', '1', '2', '', '', '0', '0.00', '0.00', '', '0', '0000-00-00', '2020-02-02 03:12:23', '2020-02-02 03:12:23');INSERT INTO `sales` (`SN`, `reciept_id`, `items`, `discount_type`, `discount`, `total_amount`, `status`, `total_amount_paid`, `total_profit`, `vat_amount`, `s_charge_amt`, `user_id`, `date`, `sales_time`, `payment_type`, `payment_method`, `customer`, `reservation_invoice_link`, `comment`, `branch_id`, `vat`, `scharge`, `reason`, `voided_by`, `date_voided`, `created`, `modified`) VALUES ('4', 'BK88804', '[{\"item_name\":\"Cow Bell\",\"item_price\":\"900.00\",\"item_qty\":\"1\",\"total\":900,\"cost_price\":\"600.00\",\"total_cost_price\":600,\"discount\":\"0\",\"profit\":300,\"id\":\"EG06579\"}]', '2', '0.00', '900.00', 'COMPLETE', '900.00', '300.00', '0.00', '0.00', '1', '2020-02-02', '03:23 am', 'Direct', '1', '0', '', '', '0', '0.00', '0.00', '', '0', '0000-00-00', '2020-02-02 03:23:41', '2020-02-02 03:23:41');INSERT INTO `sales` (`SN`, `reciept_id`, `items`, `discount_type`, `discount`, `total_amount`, `status`, `total_amount_paid`, `total_profit`, `vat_amount`, `s_charge_amt`, `user_id`, `date`, `sales_time`, `payment_type`, `payment_method`, `customer`, `reservation_invoice_link`, `comment`, `branch_id`, `vat`, `scharge`, `reason`, `voided_by`, `date_voided`, `created`, `modified`) VALUES ('5', 'CU42174', '[{\"item_name\":\"Fearless\",\"item_price\":\"250.00\",\"item_qty\":\"2\",\"total\":500,\"cost_price\":\"200.00\",\"total_cost_price\":400,\"discount\":\"0\",\"profit\":100,\"id\":\"RO75088\"}]', '2', '0.00', '500.00', 'COMPLETE', '500.00', '100.00', '0.00', '0.00', '1', '2020-02-02', '03:24 am', 'Direct', '2', '2', '', '', '0', '0.00', '0.00', '', '0', '0000-00-00', '2020-02-02 03:24:42', '2020-02-02 03:24:42');INSERT INTO `sales` (`SN`, `reciept_id`, `items`, `discount_type`, `discount`, `total_amount`, `status`, `total_amount_paid`, `total_profit`, `vat_amount`, `s_charge_amt`, `user_id`, `date`, `sales_time`, `payment_type`, `payment_method`, `customer`, `reservation_invoice_link`, `comment`, `branch_id`, `vat`, `scharge`, `reason`, `voided_by`, `date_voided`, `created`, `modified`) VALUES ('6', 'LL62795', '[{\"item_name\":\"Cow Bell\",\"item_price\":\"900.00\",\"item_qty\":\"2\",\"total\":1800,\"cost_price\":\"600.00\",\"total_cost_price\":1200,\"profit\":600,\"id\":\"EG06579\"}]', '2', '0.00', '1800.00', 'COMPLETE', '1800.00', '600.00', '0.00', '0.00', '1', '2020-02-06', '11:26 am', 'Direct', '3', '0', '', '', '0', '0.00', '0.00', '', '0', '0000-00-00', '2020-02-06 11:26:26', '2020-02-06 11:26:26');INSERT INTO `sales` (`SN`, `reciept_id`, `items`, `discount_type`, `discount`, `total_amount`, `status`, `total_amount_paid`, `total_profit`, `vat_amount`, `s_charge_amt`, `user_id`, `date`, `sales_time`, `payment_type`, `payment_method`, `customer`, `reservation_invoice_link`, `comment`, `branch_id`, `vat`, `scharge`, `reason`, `voided_by`, `date_voided`, `created`, `modified`) VALUES ('7', 'ZB66627', '[{\"item_name\":\"Cow Bell\",\"item_price\":\"900.00\",\"item_qty\":\"4\",\"total\":3600,\"id\":\"EG06579\"}]', '2', '0.00', '3600.00', 'COMPLETE', '0.00', '0.00', '0.00', '0.00', '1', '2020-02-06', '', 'Direct', '3', '3', '', '', '0', '0.00', '0.00', '', '0', '0000-00-00', '2020-02-06 12:59:17', '2020-02-06 12:59:17');INSERT INTO `sales` (`SN`, `reciept_id`, `items`, `discount_type`, `discount`, `total_amount`, `status`, `total_amount_paid`, `total_profit`, `vat_amount`, `s_charge_amt`, `user_id`, `date`, `sales_time`, `payment_type`, `payment_method`, `customer`, `reservation_invoice_link`, `comment`, `branch_id`, `vat`, `scharge`, `reason`, `voided_by`, `date_voided`, `created`, `modified`) VALUES ('8', 'PL1581238242', '[{\"item_name\":\"Special Product \'\'\' \\\"\\\"\\\"\\/ ? < > @ # $ % ^b & *- = +! ~ ,. \\/\\\\ |{ } [] () \",\"item_price\":\"100.00\",\"item_qty\":\"1\",\"total\":100,\"cost_price\":\"200.00\",\"total_cost_price\":200,\"profit\":-100,\"id\":\"JR1581236090\"}]', '2', '0.00', '100.00', 'COMPLETE', '100.00', '-100.00', '0.00', '0.00', '1', '2020-02-09', '09:50 am', 'Direct', '1', '0', '', '', '0', '0.00', '0.00', '', '0', '0000-00-00', '2020-02-09 09:50:42', '2020-02-09 09:50:42');INSERT INTO `sales` (`SN`, `reciept_id`, `items`, `discount_type`, `discount`, `total_amount`, `status`, `total_amount_paid`, `total_profit`, `vat_amount`, `s_charge_amt`, `user_id`, `date`, `sales_time`, `payment_type`, `payment_method`, `customer`, `reservation_invoice_link`, `comment`, `branch_id`, `vat`, `scharge`, `reason`, `voided_by`, `date_voided`, `created`, `modified`) VALUES ('9', 'ZU24288', '[{\"item_name\":\"Cow Bell\",\"item_price\":\"900.00\",\"item_qty\":\"1\",\"total\":890,\"cost_price\":\"600.00\",\"total_cost_price\":600,\"discount\":\"10\",\"profit\":300,\"id\":\"EG06579\"},{\"item_name\":\"Fearless\",\"item_price\":\"250.00\",\"item_qty\":\"1\",\"total\":250,\"cost_price\":\"200.00\",\"total_cost_price\":200,\"discount\":\"0\",\"profit\":50,\"id\":\"RO75088\"}]', '2', '0.00', '1150.00', 'COMPLETE', '1150.00', '350.00', '0.00', '0.00', '1', '2020-02-10', '16:51 pm', 'Direct', '1', '2', '', '', '0', '0.00', '0.00', '', '0', '0000-00-00', '2020-02-10 16:51:41', '2020-02-10 16:51:41');INSERT INTO `sales` (`SN`, `reciept_id`, `items`, `discount_type`, `discount`, `total_amount`, `status`, `total_amount_paid`, `total_profit`, `vat_amount`, `s_charge_amt`, `user_id`, `date`, `sales_time`, `payment_type`, `payment_method`, `customer`, `reservation_invoice_link`, `comment`, `branch_id`, `vat`, `scharge`, `reason`, `voided_by`, `date_voided`, `created`, `modified`) VALUES ('10', 'DY57022', '[{\"item_name\":\"Cow Bell\",\"item_price\":\"900.00\",\"item_qty\":\"1\",\"total\":800,\"cost_price\":\"600.00\",\"total_cost_price\":600,\"discount\":\"100\",\"profit\":300,\"id\":\"EG06579\"},{\"item_name\":\"Sprite\",\"item_price\":\"150.00\",\"item_qty\":\"1\",\"total\":150,\"cost_price\":\"100.00\",\"total_cost_price\":100,\"discount\":\"0\",\"profit\":50,\"id\":\"QV86249\"}]', '2', '0.00', '1050.00', 'COMPLETE', '1050.00', '350.00', '0.00', '0.00', '1', '2020-02-10', '19:57 pm', 'Direct', '1', '2', '', '', '0', '0.00', '0.00', '', '0', '0000-00-00', '2020-02-10 19:57:17', '2020-02-10 19:57:17');INSERT INTO `sales` (`SN`, `reciept_id`, `items`, `discount_type`, `discount`, `total_amount`, `status`, `total_amount_paid`, `total_profit`, `vat_amount`, `s_charge_amt`, `user_id`, `date`, `sales_time`, `payment_type`, `payment_method`, `customer`, `reservation_invoice_link`, `comment`, `branch_id`, `vat`, `scharge`, `reason`, `voided_by`, `date_voided`, `created`, `modified`) VALUES ('11', 'SA25815', '[{\"item_name\":\"Cow Bell\",\"item_price\":\"900.00\",\"item_qty\":\"1\",\"total\":800,\"cost_price\":\"600.00\",\"total_cost_price\":600,\"discount\":\"100\",\"profit\":300,\"id\":\"EG06579\"},{\"item_name\":\"Sprite\",\"item_price\":\"150.00\",\"item_qty\":\"1\",\"total\":150,\"cost_price\":\"100.00\",\"total_cost_price\":100,\"discount\":\"0\",\"profit\":50,\"id\":\"QV86249\"}]', '2', '0.00', '1050.00', 'COMPLETE', '1050.00', '350.00', '0.00', '0.00', '1', '2020-02-10', '19:59 pm', 'Direct', '1', '2', '', '', '0', '0.00', '0.00', '', '0', '0000-00-00', '2020-02-10 19:59:44', '2020-02-10 19:59:44');INSERT INTO `sales` (`SN`, `reciept_id`, `items`, `discount_type`, `discount`, `total_amount`, `status`, `total_amount_paid`, `total_profit`, `vat_amount`, `s_charge_amt`, `user_id`, `date`, `sales_time`, `payment_type`, `payment_method`, `customer`, `reservation_invoice_link`, `comment`, `branch_id`, `vat`, `scharge`, `reason`, `voided_by`, `date_voided`, `created`, `modified`) VALUES ('12', 'ER98563', '[{\"item_name\":\"Cow Bell\",\"item_price\":\"900.00\",\"item_qty\":\"1\",\"total\":800,\"cost_price\":\"600.00\",\"total_cost_price\":600,\"discount\":\"100\",\"profit\":300,\"id\":\"EG06579\"}]', '2', '0.00', '900.00', 'COMPLETE', '900.00', '300.00', '0.00', '0.00', '1', '2020-02-11', '08:34 am', 'Direct', '1', '2', '', '', '0', '0.00', '0.00', '', '0', '0000-00-00', '2020-02-11 08:34:14', '2020-02-11 08:34:14');INSERT INTO `sales` (`SN`, `reciept_id`, `items`, `discount_type`, `discount`, `total_amount`, `status`, `total_amount_paid`, `total_profit`, `vat_amount`, `s_charge_amt`, `user_id`, `date`, `sales_time`, `payment_type`, `payment_method`, `customer`, `reservation_invoice_link`, `comment`, `branch_id`, `vat`, `scharge`, `reason`, `voided_by`, `date_voided`, `created`, `modified`) VALUES ('13', 'CJ1581502216', '[{\"item_name\":\"Cow Bell\",\"item_price\":\"900.00\",\"item_qty\":\"1\",\"total\":900,\"cost_price\":\"600.00\",\"total_cost_price\":600,\"profit\":300,\"id\":\"EG06579\"}]', '2', '0.00', '900.00', 'COMPLETE', '967.50', '300.00', '67.50', '0.00', '1', '2020-02-12', '11:10 am', 'Direct', '1', '0', '', '', '0', '7.50', '0.00', '', '0', '0000-00-00', '2020-02-12 11:10:16', '2020-02-12 11:13:57');## TABLE STRUCTURE FOR: stock#DROP TABLE IF EXISTS `stock`;CREATE TABLE `stock` (
  `SN` bigint(20) NOT NULL AUTO_INCREMENT,
  `id_stock` varchar(255) NOT NULL,
  `product_name` text NOT NULL,
  `product_description` longtext NOT NULL,
  `model` tinytext NOT NULL,
  `quantity` int(11) NOT NULL,
  `price` double(16,2) NOT NULL,
  `expired_date` date NOT NULL,
  `cost_price` double(16,2) NOT NULL,
  `date_available` date NOT NULL,
  `image` tinytext NOT NULL,
  `bar_code_code` varchar(600) NOT NULL,
  `product_code` varchar(300) NOT NULL,
  `status` int(11) NOT NULL,
  `manufacturer` int(11) NOT NULL,
  `category_id` int(11) NOT NULL,
  `date_added` timestamp NOT NULL DEFAULT CURRENT_TIMESTAMP,
  `date_updated` timestamp NOT NULL DEFAULT CURRENT_TIMESTAMP ON UPDATE CURRENT_TIMESTAMP,
  PRIMARY KEY (`SN`)
) ENGINE=InnoDB AUTO_INCREMENT=11 DEFAULT CHARSET=latin1;INSERT INTO `stock` (`SN`, `id_stock`, `product_name`, `product_description`, `model`, `quantity`, `price`, `expired_date`, `cost_price`, `date_available`, `image`, `bar_code_code`, `product_code`, `status`, `manufacturer`, `category_id`, `date_added`, `date_updated`) VALUES ('1', 'AC63687', 'Milo', '', 'Small', '45', '1200.00', '2020-02-01', '1000.00', '2019-12-06', '', '7121100004', '001', '1', '2', '2', '2019-12-06 14:07:14', '2020-02-12 11:54:25');INSERT INTO `stock` (`SN`, `id_stock`, `product_name`, `product_description`, `model`, `quantity`, `price`, `expired_date`, `cost_price`, `date_available`, `image`, `bar_code_code`, `product_code`, `status`, `manufacturer`, `category_id`, `date_added`, `date_updated`) VALUES ('4', 'EG06579', 'Cow Bell', '', 'Small', '28', '900.00', '2020-02-21', '600.00', '2019-12-06', '', 'US2016/190614018', '001', '1', '2', '2', '2019-12-06 22:24:34', '2020-02-12 11:28:44');INSERT INTO `stock` (`SN`, `id_stock`, `product_name`, `product_description`, `model`, `quantity`, `price`, `expired_date`, `cost_price`, `date_available`, `image`, `bar_code_code`, `product_code`, `status`, `manufacturer`, `category_id`, `date_added`, `date_updated`) VALUES ('5', 'QV86249', 'Sprite', '', 'Lemon', '7', '150.00', '0000-00-00', '100.00', '2019-12-06', '', '5449000005755', '006', '1', '2', '2', '2019-12-06 22:25:56', '2020-02-10 19:59:44');INSERT INTO `stock` (`SN`, `id_stock`, `product_name`, `product_description`, `model`, `quantity`, `price`, `expired_date`, `cost_price`, `date_available`, `image`, `bar_code_code`, `product_code`, `status`, `manufacturer`, `category_id`, `date_added`, `date_updated`) VALUES ('6', 'RO75088', 'Fearless', '', '1232', '5', '250.00', '2020-02-21', '200.00', '2019-12-06', '', '6156000153513', '001', '1', '2', '2', '2019-12-06 22:27:07', '2020-02-10 16:51:40');INSERT INTO `stock` (`SN`, `id_stock`, `product_name`, `product_description`, `model`, `quantity`, `price`, `expired_date`, `cost_price`, `date_available`, `image`, `bar_code_code`, `product_code`, `status`, `manufacturer`, `category_id`, `date_added`, `date_updated`) VALUES ('7', 'JZ09291', 'Amala', '', '009', '28', '1200.00', '0000-00-00', '1000.00', '2019-12-07', '', '6156000055510', '009', '1', '2', '2', '2019-12-07 13:36:06', '2020-02-02 03:12:23');INSERT INTO `stock` (`SN`, `id_stock`, `product_name`, `product_description`, `model`, `quantity`, `price`, `expired_date`, `cost_price`, `date_available`, `image`, `bar_code_code`, `product_code`, `status`, `manufacturer`, `category_id`, `date_added`, `date_updated`) VALUES ('8', 'JB84346', 'Bread', '', '123', '0', '200.00', '2020-02-21', '120.00', '2020-01-16', '', '', '001', '1', '2', '2', '2020-01-16 11:26:36', '2020-02-02 02:39:49');INSERT INTO `stock` (`SN`, `id_stock`, `product_name`, `product_description`, `model`, `quantity`, `price`, `expired_date`, `cost_price`, `date_available`, `image`, `bar_code_code`, `product_code`, `status`, `manufacturer`, `category_id`, `date_added`, `date_updated`) VALUES ('10', 'JR1581236090', 'Special Product \'\'\' \"\"\"/ ? < > @ # $ % ^b & *- = +! ~ ,. /\\ |{ } [] () ', '', '1234', '4', '100.00', '2020-02-01', '200.00', '2020-02-09', '', '', '001', '1', '2', '0', '2020-02-09 09:14:50', '2020-02-09 09:50:42');## TABLE STRUCTURE FOR: stock_open_close#DROP TABLE IF EXISTS `stock_open_close`;CREATE TABLE `stock_open_close` (
  `SN` int(11) NOT NULL AUTO_INCREMENT,
  `stock_id` int(11) NOT NULL,
  `id_stock` varchar(100) NOT NULL,
  `date` date NOT NULL,
  `opening` int(11) NOT NULL,
  `sold` int(11) NOT NULL,
  `closing` int(11) NOT NULL,
  `transfered` int(11) NOT NULL,
  `recieved` int(11) NOT NULL,
  `created` datetime NOT NULL DEFAULT CURRENT_TIMESTAMP,
  PRIMARY KEY (`SN`)
) ENGINE=InnoDB AUTO_INCREMENT=34 DEFAULT CHARSET=latin1;INSERT INTO `stock_open_close` (`SN`, `stock_id`, `id_stock`, `date`, `opening`, `sold`, `closing`, `transfered`, `recieved`, `created`) VALUES ('1', '1', 'AC63687', '2020-02-01', '35', '0', '0', '0', '0', '2020-02-01 20:28:33');INSERT INTO `stock_open_close` (`SN`, `stock_id`, `id_stock`, `date`, `opening`, `sold`, `closing`, `transfered`, `recieved`, `created`) VALUES ('2', '4', 'EG06579', '2020-02-01', '3', '0', '0', '0', '0', '2020-02-01 20:28:33');INSERT INTO `stock_open_close` (`SN`, `stock_id`, `id_stock`, `date`, `opening`, `sold`, `closing`, `transfered`, `recieved`, `created`) VALUES ('3', '5', 'QV86249', '2020-02-01', '11', '0', '0', '0', '0', '2020-02-01 20:28:34');INSERT INTO `stock_open_close` (`SN`, `stock_id`, `id_stock`, `date`, `opening`, `sold`, `closing`, `transfered`, `recieved`, `created`) VALUES ('4', '6', 'RO75088', '2020-02-01', '10', '2', '0', '0', '0', '2020-02-01 20:28:34');INSERT INTO `stock_open_close` (`SN`, `stock_id`, `id_stock`, `date`, `opening`, `sold`, `closing`, `transfered`, `recieved`, `created`) VALUES ('5', '7', 'JZ09291', '2020-02-01', '31', '0', '0', '0', '0', '2020-02-01 20:28:34');INSERT INTO `stock_open_close` (`SN`, `stock_id`, `id_stock`, `date`, `opening`, `sold`, `closing`, `transfered`, `recieved`, `created`) VALUES ('6', '8', 'JB84346', '2020-02-01', '0', '0', '0', '0', '0', '2020-02-01 20:28:34');INSERT INTO `stock_open_close` (`SN`, `stock_id`, `id_stock`, `date`, `opening`, `sold`, `closing`, `transfered`, `recieved`, `created`) VALUES ('7', '1', 'AC63687', '2020-02-02', '35', '0', '0', '0', '5', '2020-02-02 00:02:21');INSERT INTO `stock_open_close` (`SN`, `stock_id`, `id_stock`, `date`, `opening`, `sold`, `closing`, `transfered`, `recieved`, `created`) VALUES ('8', '4', 'EG06579', '2020-02-02', '2', '0', '0', '0', '4', '2020-02-02 00:02:21');INSERT INTO `stock_open_close` (`SN`, `stock_id`, `id_stock`, `date`, `opening`, `sold`, `closing`, `transfered`, `recieved`, `created`) VALUES ('9', '5', 'QV86249', '2020-02-02', '10', '0', '0', '0', '3', '2020-02-02 00:02:22');INSERT INTO `stock_open_close` (`SN`, `stock_id`, `id_stock`, `date`, `opening`, `sold`, `closing`, `transfered`, `recieved`, `created`) VALUES ('10', '6', 'RO75088', '2020-02-02', '9', '0', '0', '0', '3', '2020-02-02 00:02:22');INSERT INTO `stock_open_close` (`SN`, `stock_id`, `id_stock`, `date`, `opening`, `sold`, `closing`, `transfered`, `recieved`, `created`) VALUES ('11', '7', 'JZ09291', '2020-02-02', '31', '0', '0', '0', '0', '2020-02-02 00:02:22');INSERT INTO `stock_open_close` (`SN`, `stock_id`, `id_stock`, `date`, `opening`, `sold`, `closing`, `transfered`, `recieved`, `created`) VALUES ('12', '8', 'JB84346', '2020-02-02', '0', '0', '0', '0', '0', '2020-02-02 00:02:22');INSERT INTO `stock_open_close` (`SN`, `stock_id`, `id_stock`, `date`, `opening`, `sold`, `closing`, `transfered`, `recieved`, `created`) VALUES ('13', '1', 'AC63687', '2020-02-09', '35', '0', '0', '0', '0', '2020-02-09 13:57:23');INSERT INTO `stock_open_close` (`SN`, `stock_id`, `id_stock`, `date`, `opening`, `sold`, `closing`, `transfered`, `recieved`, `created`) VALUES ('14', '4', 'EG06579', '2020-02-09', '28', '0', '0', '0', '0', '2020-02-09 13:57:23');INSERT INTO `stock_open_close` (`SN`, `stock_id`, `id_stock`, `date`, `opening`, `sold`, `closing`, `transfered`, `recieved`, `created`) VALUES ('15', '5', 'QV86249', '2020-02-09', '9', '0', '0', '0', '0', '2020-02-09 13:57:23');INSERT INTO `stock_open_close` (`SN`, `stock_id`, `id_stock`, `date`, `opening`, `sold`, `closing`, `transfered`, `recieved`, `created`) VALUES ('16', '6', 'RO75088', '2020-02-09', '6', '0', '0', '0', '0', '2020-02-09 13:57:23');INSERT INTO `stock_open_close` (`SN`, `stock_id`, `id_stock`, `date`, `opening`, `sold`, `closing`, `transfered`, `recieved`, `created`) VALUES ('17', '7', 'JZ09291', '2020-02-09', '28', '0', '0', '0', '0', '2020-02-09 13:57:24');INSERT INTO `stock_open_close` (`SN`, `stock_id`, `id_stock`, `date`, `opening`, `sold`, `closing`, `transfered`, `recieved`, `created`) VALUES ('18', '8', 'JB84346', '2020-02-09', '0', '0', '0', '0', '0', '2020-02-09 13:57:24');INSERT INTO `stock_open_close` (`SN`, `stock_id`, `id_stock`, `date`, `opening`, `sold`, `closing`, `transfered`, `recieved`, `created`) VALUES ('19', '10', 'JR1581236090', '2020-02-09', '4', '0', '0', '0', '0', '2020-02-09 13:57:24');INSERT INTO `stock_open_close` (`SN`, `stock_id`, `id_stock`, `date`, `opening`, `sold`, `closing`, `transfered`, `recieved`, `created`) VALUES ('20', '1', 'AC63687', '2020-02-10', '35', '0', '0', '0', '0', '2020-02-10 16:49:46');INSERT INTO `stock_open_close` (`SN`, `stock_id`, `id_stock`, `date`, `opening`, `sold`, `closing`, `transfered`, `recieved`, `created`) VALUES ('21', '4', 'EG06579', '2020-02-10', '28', '0', '0', '0', '4', '2020-02-10 16:49:46');INSERT INTO `stock_open_close` (`SN`, `stock_id`, `id_stock`, `date`, `opening`, `sold`, `closing`, `transfered`, `recieved`, `created`) VALUES ('22', '5', 'QV86249', '2020-02-10', '9', '0', '0', '0', '0', '2020-02-10 16:49:46');INSERT INTO `stock_open_close` (`SN`, `stock_id`, `id_stock`, `date`, `opening`, `sold`, `closing`, `transfered`, `recieved`, `created`) VALUES ('23', '6', 'RO75088', '2020-02-10', '6', '0', '0', '0', '3', '2020-02-10 16:49:46');INSERT INTO `stock_open_close` (`SN`, `stock_id`, `id_stock`, `date`, `opening`, `sold`, `closing`, `transfered`, `recieved`, `created`) VALUES ('24', '7', 'JZ09291', '2020-02-10', '28', '0', '0', '0', '0', '2020-02-10 16:49:47');INSERT INTO `stock_open_close` (`SN`, `stock_id`, `id_stock`, `date`, `opening`, `sold`, `closing`, `transfered`, `recieved`, `created`) VALUES ('25', '8', 'JB84346', '2020-02-10', '0', '0', '0', '0', '0', '2020-02-10 16:49:47');INSERT INTO `stock_open_close` (`SN`, `stock_id`, `id_stock`, `date`, `opening`, `sold`, `closing`, `transfered`, `recieved`, `created`) VALUES ('26', '10', 'JR1581236090', '2020-02-10', '4', '1', '0', '0', '5', '2020-02-10 16:49:47');INSERT INTO `stock_open_close` (`SN`, `stock_id`, `id_stock`, `date`, `opening`, `sold`, `closing`, `transfered`, `recieved`, `created`) VALUES ('27', '1', 'AC63687', '2020-02-11', '35', '0', '0', '0', '0', '2020-02-11 08:32:15');INSERT INTO `stock_open_close` (`SN`, `stock_id`, `id_stock`, `date`, `opening`, `sold`, `closing`, `transfered`, `recieved`, `created`) VALUES ('28', '4', 'EG06579', '2020-02-11', '25', '3', '0', '0', '0', '2020-02-11 08:32:16');INSERT INTO `stock_open_close` (`SN`, `stock_id`, `id_stock`, `date`, `opening`, `sold`, `closing`, `transfered`, `recieved`, `created`) VALUES ('29', '5', 'QV86249', '2020-02-11', '7', '2', '0', '0', '0', '2020-02-11 08:32:16');INSERT INTO `stock_open_close` (`SN`, `stock_id`, `id_stock`, `date`, `opening`, `sold`, `closing`, `transfered`, `recieved`, `created`) VALUES ('30', '6', 'RO75088', '2020-02-11', '5', '1', '0', '0', '0', '2020-02-11 08:32:16');INSERT INTO `stock_open_close` (`SN`, `stock_id`, `id_stock`, `date`, `opening`, `sold`, `closing`, `transfered`, `recieved`, `created`) VALUES ('31', '7', 'JZ09291', '2020-02-11', '28', '0', '0', '0', '0', '2020-02-11 08:32:16');INSERT INTO `stock_open_close` (`SN`, `stock_id`, `id_stock`, `date`, `opening`, `sold`, `closing`, `transfered`, `recieved`, `created`) VALUES ('32', '8', 'JB84346', '2020-02-11', '0', '0', '0', '0', '0', '2020-02-11 08:32:16');INSERT INTO `stock_open_close` (`SN`, `stock_id`, `id_stock`, `date`, `opening`, `sold`, `closing`, `transfered`, `recieved`, `created`) VALUES ('33', '10', 'JR1581236090', '2020-02-11', '4', '0', '0', '0', '0', '2020-02-11 08:32:16');## TABLE STRUCTURE FOR: stock_recieved#DROP TABLE IF EXISTS `stock_recieved`;CREATE TABLE `stock_recieved` (
  `SN` bigint(11) NOT NULL AUTO_INCREMENT,
  `recieved_id` varchar(25) NOT NULL,
  `products` longtext NOT NULL,
  `recieved_date` date NOT NULL,
  `branch` varchar(200) NOT NULL,
  `supplier` int(11) NOT NULL,
  `reciever_userfullname` int(11) NOT NULL,
  `transfer_user` varchar(255) NOT NULL,
  `confirm_userfullname` varchar(255) NOT NULL,
  `note` text NOT NULL,
  `branch_id` int(11) NOT NULL,
  `created` timestamp NOT NULL DEFAULT CURRENT_TIMESTAMP ON UPDATE CURRENT_TIMESTAMP,
  `updated` timestamp NULL DEFAULT CURRENT_TIMESTAMP ON UPDATE CURRENT_TIMESTAMP,
  PRIMARY KEY (`SN`),
  UNIQUE KEY `transfer_id` (`recieved_id`)
) ENGINE=InnoDB DEFAULT CHARSET=latin1;## TABLE STRUCTURE FOR: stock_transfer#DROP TABLE IF EXISTS `stock_transfer`;CREATE TABLE `stock_transfer` (
  `SN` bigint(11) NOT NULL AUTO_INCREMENT,
  `transfer_id` varchar(25) NOT NULL,
  `products` longtext NOT NULL,
  `transfer_date` date NOT NULL,
  `branch` int(11) NOT NULL,
  `transfer_user` int(11) NOT NULL,
  `reciever_userfullname` varchar(255) NOT NULL,
  `confirm_userfullname` varchar(255) NOT NULL,
  `branch_id` varchar(200) NOT NULL,
  `note` text NOT NULL,
  `created` timestamp NOT NULL DEFAULT CURRENT_TIMESTAMP ON UPDATE CURRENT_TIMESTAMP,
  `updated` timestamp NULL DEFAULT CURRENT_TIMESTAMP ON UPDATE CURRENT_TIMESTAMP,
  PRIMARY KEY (`SN`),
  UNIQUE KEY `transfer_id` (`transfer_id`)
) ENGINE=InnoDB DEFAULT CHARSET=latin1;## TABLE STRUCTURE FOR: supplier#DROP TABLE IF EXISTS `supplier`;CREATE TABLE `supplier` (
  `SN` bigint(11) NOT NULL AUTO_INCREMENT,
  `supplier_name` varchar(255) NOT NULL,
  `supplier_address` tinytext NOT NULL,
  `supplier_email` varchar(255) NOT NULL,
  `supplier_phone_number` varchar(16) NOT NULL,
  `created` timestamp NOT NULL DEFAULT CURRENT_TIMESTAMP,
  `updated` timestamp NOT NULL DEFAULT CURRENT_TIMESTAMP ON UPDATE CURRENT_TIMESTAMP,
  PRIMARY KEY (`SN`)
) ENGINE=InnoDB AUTO_INCREMENT=2 DEFAULT CHARSET=latin1;INSERT INTO `supplier` (`SN`, `supplier_name`, `supplier_address`, `supplier_email`, `supplier_phone_number`, `created`, `updated`) VALUES ('1', 'Dangote Salt', 'No 17 Taiwo Road Ilorin', 'dangotegroup@gmail.com', '09087655354', '2020-01-13 11:06:18', '2020-01-13 11:06:18');## TABLE STRUCTURE FOR: supplier_invoice#DROP TABLE IF EXISTS `supplier_invoice`;CREATE TABLE `supplier_invoice` (
  `SN` bigint(11) NOT NULL AUTO_INCREMENT,
  `supplier_id` varchar(25) NOT NULL,
  `products` longtext NOT NULL,
  `recieved_date` date NOT NULL,
  `supplier` int(11) NOT NULL,
  `note` text NOT NULL,
  `amount_paid` decimal(16,2) NOT NULL,
  `total_invoice_amount` decimal(16,2) NOT NULL,
  `bank` int(11) NOT NULL,
  `payment_method` varchar(20) NOT NULL,
  `status` enum('Pending','Complete') NOT NULL,
  `branch_id` int(11) NOT NULL,
  `created` timestamp NOT NULL DEFAULT CURRENT_TIMESTAMP ON UPDATE CURRENT_TIMESTAMP,
  `updated` timestamp NULL DEFAULT CURRENT_TIMESTAMP ON UPDATE CURRENT_TIMESTAMP,
  PRIMARY KEY (`SN`),
  UNIQUE KEY `transfer_id` (`supplier_id`)
) ENGINE=InnoDB AUTO_INCREMENT=5 DEFAULT CHARSET=latin1;INSERT INTO `supplier_invoice` (`SN`, `supplier_id`, `products`, `recieved_date`, `supplier`, `note`, `amount_paid`, `total_invoice_amount`, `bank`, `payment_method`, `status`, `branch_id`, `created`, `updated`) VALUES ('1', 'FE96419', '[{\"qty\":\"3\",\"product\":\"AC63687\",\"remark\":\"Received\"},{\"qty\":\"3\",\"product\":\"EG06579\",\"remark\":\"Received\"},{\"qty\":\"4\",\"product\":\"RO75088\",\"remark\":\"Received\"}]', '2020-02-01', '1', 'efwefwefwefwe', '10000.00', '0.00', '2', '1', 'Complete', '0', '2020-02-01 22:02:11', '2020-02-01 22:02:11');INSERT INTO `supplier_invoice` (`SN`, `supplier_id`, `products`, `recieved_date`, `supplier`, `note`, `amount_paid`, `total_invoice_amount`, `bank`, `payment_method`, `status`, `branch_id`, `created`, `updated`) VALUES ('2', 'JH75368', '[{\"qty\":\"3\",\"product\":\"AC63687\",\"remark\":\"Received\"}]', '2020-02-01', '1', '', '1000.00', '0.00', '2', '2', 'Complete', '0', '2020-02-04 12:30:10', '2020-02-04 12:30:10');INSERT INTO `supplier_invoice` (`SN`, `supplier_id`, `products`, `recieved_date`, `supplier`, `note`, `amount_paid`, `total_invoice_amount`, `bank`, `payment_method`, `status`, `branch_id`, `created`, `updated`) VALUES ('3', 'WB41948', '[{\"qty\":\"12\",\"product\":\"AC63687\",\"remark\":\"Received\"},{\"qty\":\"15\",\"product\":\"EG06579\",\"remark\":\"Received\"}]', '2020-02-04', '1', '', '50000.00', '0.00', '2', '1', 'Complete', '0', '2020-02-04 12:29:58', '2020-02-04 12:29:58');INSERT INTO `supplier_invoice` (`SN`, `supplier_id`, `products`, `recieved_date`, `supplier`, `note`, `amount_paid`, `total_invoice_amount`, `bank`, `payment_method`, `status`, `branch_id`, `created`, `updated`) VALUES ('4', 'LP1581247012', '[{\"qty\":\"20\",\"product\":\"AC63687\",\"remark\":\"Received\"}]', '2020-02-09', '1', '', '5000.00', '0.00', '2', '1', 'Pending', '0', '2020-02-09 12:16:52', '2020-02-09 12:16:52');## TABLE STRUCTURE FOR: tbl_assets#DROP TABLE IF EXISTS `tbl_assets`;CREATE TABLE `tbl_assets` (
  `SN` int(11) NOT NULL AUTO_INCREMENT,
  `assests_name` varchar(500) NOT NULL,
  `status` varchar(100) NOT NULL,
  `category` varchar(120) NOT NULL,
  `department` varchar(100) NOT NULL,
  `description` text NOT NULL,
  `purchase_date` date NOT NULL,
  `date_sold` date NOT NULL,
  `model_number` varchar(200) NOT NULL,
  `purchase_price` decimal(16,2) NOT NULL,
  PRIMARY KEY (`SN`)
) ENGINE=InnoDB AUTO_INCREMENT=3 DEFAULT CHARSET=latin1;INSERT INTO `tbl_assets` (`SN`, `assests_name`, `status`, `category`, `department`, `description`, `purchase_date`, `date_sold`, `model_number`, `purchase_price`) VALUES ('1', 'Thermal Printer', 'Sold', 'Electronics', 'Sales Department', 'Sales Department', '2020-01-24', '2020-01-24', '09232', '1200.00');INSERT INTO `tbl_assets` (`SN`, `assests_name`, `status`, `category`, `department`, `description`, `purchase_date`, `date_sold`, `model_number`, `purchase_price`) VALUES ('2', 'Plastic Chair', 'New', 'Funiture', 'Sales Department', 'wefwef', '2020-01-24', '0000-00-00', '09232', '1200.00');## TABLE STRUCTURE FOR: tbl_bank#DROP TABLE IF EXISTS `tbl_bank`;CREATE TABLE `tbl_bank` (
  `SN` int(11) NOT NULL AUTO_INCREMENT,
  `bank_name` varchar(100) NOT NULL,
  `account_number` varchar(11) NOT NULL,
  `account_name` varchar(100) NOT NULL,
  PRIMARY KEY (`SN`)
) ENGINE=InnoDB AUTO_INCREMENT=3 DEFAULT CHARSET=latin1;INSERT INTO `tbl_bank` (`SN`, `bank_name`, `account_number`, `account_name`) VALUES ('2', 'Guaranty Trust Bank ', '01308277256', 'Wireless');## TABLE STRUCTURE FOR: tbl_cashbook#DROP TABLE IF EXISTS `tbl_cashbook`;CREATE TABLE `tbl_cashbook` (
  `SN` int(11) NOT NULL AUTO_INCREMENT,
  `date_` date NOT NULL,
  `type` varchar(100) NOT NULL,
  `bank` int(11) NOT NULL,
  `amt` int(11) NOT NULL,
  `comment` text NOT NULL,
  `added_by` int(11) NOT NULL,
  `date_added` timestamp NOT NULL DEFAULT CURRENT_TIMESTAMP,
  PRIMARY KEY (`SN`)
) ENGINE=InnoDB AUTO_INCREMENT=3 DEFAULT CHARSET=latin1;INSERT INTO `tbl_cashbook` (`SN`, `date_`, `type`, `bank`, `amt`, `comment`, `added_by`, `date_added`) VALUES ('1', '2020-01-22', 'Credit', '2', '1200', 'Hello word,', '1', '2020-01-22 20:14:30');INSERT INTO `tbl_cashbook` (`SN`, `date_`, `type`, `bank`, `amt`, `comment`, `added_by`, `date_added`) VALUES ('2', '2020-01-23', 'Debit', '2', '2000', 'qedfwepfjweiofwef', '1', '2020-01-23 07:42:46');## TABLE STRUCTURE FOR: tbl_credit_sales#DROP TABLE IF EXISTS `tbl_credit_sales`;CREATE TABLE `tbl_credit_sales` (
  `SN` int(11) NOT NULL AUTO_INCREMENT,
  `credit_id` varchar(100) NOT NULL,
  `items` longtext NOT NULL,
  `discount_type` int(11) NOT NULL,
  `discount` decimal(16,2) NOT NULL,
  `total_amount` decimal(16,2) NOT NULL,
  `status` enum('COMPLETE','PENDING') NOT NULL,
  `total_amount_paid` decimal(16,2) NOT NULL,
  `total_profit` decimal(16,2) NOT NULL,
  `vat_amount` decimal(16,2) NOT NULL,
  `s_charge_amt` decimal(16,2) NOT NULL,
  `user_id` int(11) NOT NULL,
  `date` date NOT NULL,
  `sales_time` varchar(10) NOT NULL,
  `payment_type` enum('Direct','Invoice') NOT NULL,
  `payment_method` int(11) NOT NULL,
  `customer` int(11) NOT NULL,
  `reservation_invoice_link` varchar(100) NOT NULL,
  `comment` text NOT NULL,
  `branch_id` int(11) NOT NULL,
  `vat` int(11) NOT NULL,
  `scharge` int(11) NOT NULL,
  `reason` text NOT NULL,
  `voided_by` int(11) NOT NULL,
  `date_voided` date NOT NULL,
  `created` datetime NOT NULL DEFAULT CURRENT_TIMESTAMP,
  `modified` datetime DEFAULT CURRENT_TIMESTAMP ON UPDATE CURRENT_TIMESTAMP,
  PRIMARY KEY (`SN`)
) ENGINE=InnoDB AUTO_INCREMENT=6 DEFAULT CHARSET=latin1;INSERT INTO `tbl_credit_sales` (`SN`, `credit_id`, `items`, `discount_type`, `discount`, `total_amount`, `status`, `total_amount_paid`, `total_profit`, `vat_amount`, `s_charge_amt`, `user_id`, `date`, `sales_time`, `payment_type`, `payment_method`, `customer`, `reservation_invoice_link`, `comment`, `branch_id`, `vat`, `scharge`, `reason`, `voided_by`, `date_voided`, `created`, `modified`) VALUES ('1', 'KC50702', '[{\"item_name\":\"Cow Bell\",\"item_price\":\"900.00\",\"item_qty\":\"1\",\"total\":900,\"cost_price\":\"600.00\",\"total_cost_price\":600,\"profit\":300,\"id\":\"EG06579\"}]', '2', '0.00', '900.00', 'COMPLETE', '990.00', '300.00', '45.00', '45.00', '1', '2020-01-24', '12:15 pm', 'Direct', '1', '1', '', '', '0', '5', '5', '', '0', '0000-00-00', '2020-01-24 12:15:42', '2020-01-24 12:15:42');INSERT INTO `tbl_credit_sales` (`SN`, `credit_id`, `items`, `discount_type`, `discount`, `total_amount`, `status`, `total_amount_paid`, `total_profit`, `vat_amount`, `s_charge_amt`, `user_id`, `date`, `sales_time`, `payment_type`, `payment_method`, `customer`, `reservation_invoice_link`, `comment`, `branch_id`, `vat`, `scharge`, `reason`, `voided_by`, `date_voided`, `created`, `modified`) VALUES ('2', 'MU75749', '[{\"item_name\":\"Fearless\",\"item_price\":\"250.00\",\"item_qty\":\"1\",\"total\":250,\"cost_price\":\"200.00\",\"total_cost_price\":200,\"profit\":50,\"id\":\"RO75088\"}]', '2', '0.00', '250.00', 'COMPLETE', '275.00', '50.00', '12.50', '12.50', '3', '2020-01-28', '13:41 pm', 'Direct', '1', '1', '', '', '0', '5', '5', '', '0', '0000-00-00', '2020-01-28 13:41:27', '2020-01-28 13:41:27');INSERT INTO `tbl_credit_sales` (`SN`, `credit_id`, `items`, `discount_type`, `discount`, `total_amount`, `status`, `total_amount_paid`, `total_profit`, `vat_amount`, `s_charge_amt`, `user_id`, `date`, `sales_time`, `payment_type`, `payment_method`, `customer`, `reservation_invoice_link`, `comment`, `branch_id`, `vat`, `scharge`, `reason`, `voided_by`, `date_voided`, `created`, `modified`) VALUES ('3', 'RZ71703', '[{\"item_name\":\"Fearless\",\"item_price\":\"250.00\",\"item_qty\":\"1\",\"total\":250,\"cost_price\":\"200.00\",\"total_cost_price\":200,\"profit\":50,\"id\":\"RO75088\"}]', '2', '0.00', '250.00', 'PENDING', '250.00', '50.00', '0.00', '0.00', '1', '2020-02-01', '23:06 pm', 'Direct', '1', '1', '', '', '0', '0', '0', '', '0', '0000-00-00', '2020-02-01 23:06:38', '2020-02-01 23:09:02');INSERT INTO `tbl_credit_sales` (`SN`, `credit_id`, `items`, `discount_type`, `discount`, `total_amount`, `status`, `total_amount_paid`, `total_profit`, `vat_amount`, `s_charge_amt`, `user_id`, `date`, `sales_time`, `payment_type`, `payment_method`, `customer`, `reservation_invoice_link`, `comment`, `branch_id`, `vat`, `scharge`, `reason`, `voided_by`, `date_voided`, `created`, `modified`) VALUES ('4', 'LX21311', '[{\"item_name\":\"Cow Bell\",\"item_price\":\"900.00\",\"item_qty\":\"1\",\"total\":900,\"cost_price\":\"600.00\",\"total_cost_price\":600,\"profit\":300,\"id\":\"EG06579\"}]', '2', '0.00', '900.00', 'COMPLETE', '900.00', '300.00', '0.00', '0.00', '1', '2020-02-02', '00:38 am', 'Direct', '1', '2', '', '', '0', '0', '0', '', '0', '0000-00-00', '2020-02-02 00:38:42', '2020-02-02 00:45:59');INSERT INTO `tbl_credit_sales` (`SN`, `credit_id`, `items`, `discount_type`, `discount`, `total_amount`, `status`, `total_amount_paid`, `total_profit`, `vat_amount`, `s_charge_amt`, `user_id`, `date`, `sales_time`, `payment_type`, `payment_method`, `customer`, `reservation_invoice_link`, `comment`, `branch_id`, `vat`, `scharge`, `reason`, `voided_by`, `date_voided`, `created`, `modified`) VALUES ('5', 'KX23229', '[{\"item_name\":\"Fearless\",\"item_price\":\"250.00\",\"item_qty\":\"2\",\"total\":500,\"cost_price\":\"200.00\",\"total_cost_price\":400,\"profit\":100,\"id\":\"RO75088\"}]', '2', '0.00', '500.00', 'COMPLETE', '500.00', '100.00', '0.00', '0.00', '1', '2020-02-02', '00:40 am', 'Direct', '1', '2', '', '', '0', '0', '0', '', '0', '0000-00-00', '2020-02-02 00:40:23', '2020-02-02 00:45:28');## TABLE STRUCTURE FOR: tbl_customers#DROP TABLE IF EXISTS `tbl_customers`;CREATE TABLE `tbl_customers` (
  `SN` bigint(11) NOT NULL AUTO_INCREMENT,
  `firstname` varchar(20) NOT NULL,
  `lastname` varchar(20) NOT NULL,
  `email` varchar(20) NOT NULL,
  `phone` varchar(20) NOT NULL,
  `address` tinytext NOT NULL,
  `credit_limit` decimal(16,2) NOT NULL,
  `weeks` int(11) NOT NULL,
  `expired_date` date NOT NULL,
  `date` date NOT NULL,
  `city` varchar(40) NOT NULL,
  `additional_info` text NOT NULL,
  `branch_id` int(11) NOT NULL,
  `updated` datetime NOT NULL DEFAULT CURRENT_TIMESTAMP ON UPDATE CURRENT_TIMESTAMP,
  `created` datetime NOT NULL DEFAULT CURRENT_TIMESTAMP,
  PRIMARY KEY (`SN`)
) ENGINE=InnoDB AUTO_INCREMENT=10 DEFAULT CHARSET=latin1;INSERT INTO `tbl_customers` (`SN`, `firstname`, `lastname`, `email`, `phone`, `address`, `credit_limit`, `weeks`, `expired_date`, `date`, `city`, `additional_info`, `branch_id`, `updated`, `created`) VALUES ('1', 'Yuuug', 'hhh', '', '098766788', 'hhjbjh', '40000.00', '1', '2020-02-08', '2020-02-01', '', '', '0', '2020-02-01 23:01:48', '2019-01-27 13:46:51');INSERT INTO `tbl_customers` (`SN`, `firstname`, `lastname`, `email`, `phone`, `address`, `credit_limit`, `weeks`, `expired_date`, `date`, `city`, `additional_info`, `branch_id`, `updated`, `created`) VALUES ('2', 'Yusuf', 'Olatunji', '', '08130610627', '', '0.00', '0', '0000-00-00', '0000-00-00', '', '', '0', '2019-12-07 01:08:02', '2019-12-07 01:08:02');INSERT INTO `tbl_customers` (`SN`, `firstname`, `lastname`, `email`, `phone`, `address`, `credit_limit`, `weeks`, `expired_date`, `date`, `city`, `additional_info`, `branch_id`, `updated`, `created`) VALUES ('3', 'Yusuf', 'Mistura', '', '090762522', '9 ERUDA STREET, OFF IBRAHIM TAIWO ROAD, ILORIN KWARA STATE', '0.00', '0', '0000-00-00', '0000-00-00', '', '', '0', '2020-02-02 07:50:12', '2020-02-02 07:50:12');INSERT INTO `tbl_customers` (`SN`, `firstname`, `lastname`, `email`, `phone`, `address`, `credit_limit`, `weeks`, `expired_date`, `date`, `city`, `additional_info`, `branch_id`, `updated`, `created`) VALUES ('4', 'Ahmed', 'Musa', '', '08130610627', '9 ERUDA STREET, OFF IBRAHIM TAIWO ROAD, ILORIN KWARA STATE', '0.00', '0', '0000-00-00', '0000-00-00', '', '', '0', '2020-02-02 07:50:56', '2020-02-02 07:50:56');INSERT INTO `tbl_customers` (`SN`, `firstname`, `lastname`, `email`, `phone`, `address`, `credit_limit`, `weeks`, `expired_date`, `date`, `city`, `additional_info`, `branch_id`, `updated`, `created`) VALUES ('5', 'Yusuf', 'Ale ', '', '08032911222', 'Uni 8 oke odo', '0.00', '0', '0000-00-00', '0000-00-00', '', '', '0', '2020-02-02 07:52:23', '2020-02-02 07:52:23');INSERT INTO `tbl_customers` (`SN`, `firstname`, `lastname`, `email`, `phone`, `address`, `credit_limit`, `weeks`, `expired_date`, `date`, `city`, `additional_info`, `branch_id`, `updated`, `created`) VALUES ('6', 'Adegbeti', 'Mistura', '', '08032911222', 'Uni 8 oke odo', '0.00', '0', '0000-00-00', '0000-00-00', '', '', '0', '2020-02-02 07:52:41', '2020-02-02 07:52:41');INSERT INTO `tbl_customers` (`SN`, `firstname`, `lastname`, `email`, `phone`, `address`, `credit_limit`, `weeks`, `expired_date`, `date`, `city`, `additional_info`, `branch_id`, `updated`, `created`) VALUES ('7', 'erferferf', 'erferferf', '', '08032911222', 'Uni 8 oke odo', '0.00', '0', '0000-00-00', '0000-00-00', '', '', '0', '2020-02-02 07:55:50', '2020-02-02 07:55:50');INSERT INTO `tbl_customers` (`SN`, `firstname`, `lastname`, `email`, `phone`, `address`, `credit_limit`, `weeks`, `expired_date`, `date`, `city`, `additional_info`, `branch_id`, `updated`, `created`) VALUES ('8', 'Rapheal', 'Olatunji', '', '08034266758', '9 ERUDA STREET, OFF IBRAHIM TAIWO ROAD, ILORIN KWARA STATE', '0.00', '0', '0000-00-00', '0000-00-00', '', '', '0', '2020-02-02 07:56:29', '2020-02-02 07:56:29');INSERT INTO `tbl_customers` (`SN`, `firstname`, `lastname`, `email`, `phone`, `address`, `credit_limit`, `weeks`, `expired_date`, `date`, `city`, `additional_info`, `branch_id`, `updated`, `created`) VALUES ('9', 'ergergergerg', 'ergergerer', '', '1211223332', 'Uni 8 oke odo', '0.00', '0', '0000-00-00', '0000-00-00', '', '', '0', '2020-02-02 07:57:19', '2020-02-02 07:57:19');## TABLE STRUCTURE FOR: tbl_expenses#DROP TABLE IF EXISTS `tbl_expenses`;CREATE TABLE `tbl_expenses` (
  `SN` bigint(11) NOT NULL AUTO_INCREMENT,
  `expense_date` date NOT NULL,
  `month` varchar(15) NOT NULL,
  `month_number` int(11) NOT NULL,
  `year` int(11) NOT NULL,
  `user_id` int(11) NOT NULL,
  `expense_total_amount` decimal(10,0) NOT NULL,
  `expense_purpose` text NOT NULL,
  `expense_purpose_title` tinytext NOT NULL,
  `branch_id` int(11) NOT NULL,
  `modified` datetime NOT NULL DEFAULT CURRENT_TIMESTAMP ON UPDATE CURRENT_TIMESTAMP,
  `created` datetime NOT NULL DEFAULT CURRENT_TIMESTAMP,
  PRIMARY KEY (`SN`)
) ENGINE=InnoDB AUTO_INCREMENT=4 DEFAULT CHARSET=latin1;INSERT INTO `tbl_expenses` (`SN`, `expense_date`, `month`, `month_number`, `year`, `user_id`, `expense_total_amount`, `expense_purpose`, `expense_purpose_title`, `branch_id`, `modified`, `created`) VALUES ('2', '2020-01-28', 'January', '1', '2020', '3', '160000', 'Salary Payment for January,2020', 'Salary Payment', '0', '2020-01-28 13:28:25', '2020-01-13 14:46:03');INSERT INTO `tbl_expenses` (`SN`, `expense_date`, `month`, `month_number`, `year`, `user_id`, `expense_total_amount`, `expense_purpose`, `expense_purpose_title`, `branch_id`, `modified`, `created`) VALUES ('3', '2020-01-28', 'February', '2', '2020', '1', '160000', 'Salary Payment for February,2020', 'Salary Payment', '0', '2020-01-28 13:30:38', '2020-01-13 15:09:37');## TABLE STRUCTURE FOR: tbl_invoice_history#DROP TABLE IF EXISTS `tbl_invoice_history`;CREATE TABLE `tbl_invoice_history` (
  `SN` int(11) NOT NULL AUTO_INCREMENT,
  `type` varchar(100) NOT NULL,
  `invoice_id` varchar(20) NOT NULL,
  `department` varchar(100) NOT NULL,
  `amount` int(11) NOT NULL,
  `user_created` int(11) NOT NULL,
  `last_modeified_user` int(11) NOT NULL,
  `date_added` date NOT NULL,
  `modified` datetime NOT NULL DEFAULT CURRENT_TIMESTAMP ON UPDATE CURRENT_TIMESTAMP,
  `created` datetime NOT NULL DEFAULT CURRENT_TIMESTAMP,
  `customer` int(11) NOT NULL,
  `invoice_item` mediumtext NOT NULL,
  `reservation_invoice_link` varchar(100) NOT NULL,
  `payment_id` varchar(50) NOT NULL,
  `branch_id` int(11) NOT NULL,
  `payment_serial` int(11) NOT NULL,
  `payment_status` int(11) NOT NULL,
  `vat` int(11) NOT NULL,
  `scharge` int(11) NOT NULL,
  PRIMARY KEY (`SN`)
) ENGINE=InnoDB DEFAULT CHARSET=latin1;## TABLE STRUCTURE FOR: tbl_name#DROP TABLE IF EXISTS `tbl_name`;CREATE TABLE `tbl_name` (
  `product_name` varchar(36) DEFAULT NULL,
  `product_description` varchar(239) DEFAULT NULL,
  `price` varchar(7) DEFAULT NULL,
  `id_stock` varchar(8) DEFAULT NULL
) ENGINE=InnoDB DEFAULT CHARSET=utf8;## TABLE STRUCTURE FOR: tbl_payment#DROP TABLE IF EXISTS `tbl_payment`;CREATE TABLE `tbl_payment` (
  `SN` int(11) NOT NULL AUTO_INCREMENT,
  `payment_id` varchar(50) NOT NULL,
  `cuustomer` int(11) NOT NULL,
  `amount` decimal(10,0) NOT NULL,
  `invoice_id` varchar(60) NOT NULL,
  `type` varchar(100) NOT NULL,
  `payment_type` enum('Invoice','Direct') NOT NULL DEFAULT 'Invoice',
  `department` varchar(100) NOT NULL,
  `invoice_serial` int(11) NOT NULL,
  `payment_date` date NOT NULL,
  `user` int(11) NOT NULL,
  `branch_id` int(11) NOT NULL,
  `vat` int(11) NOT NULL,
  `scharge` int(11) NOT NULL,
  `modified` datetime NOT NULL DEFAULT CURRENT_TIMESTAMP ON UPDATE CURRENT_TIMESTAMP,
  `created` datetime NOT NULL DEFAULT CURRENT_TIMESTAMP,
  PRIMARY KEY (`SN`)
) ENGINE=InnoDB AUTO_INCREMENT=5 DEFAULT CHARSET=latin1;INSERT INTO `tbl_payment` (`SN`, `payment_id`, `cuustomer`, `amount`, `invoice_id`, `type`, `payment_type`, `department`, `invoice_serial`, `payment_date`, `user`, `branch_id`, `vat`, `scharge`, `modified`, `created`) VALUES ('1', 'NU96820', '0', '2310', 'IN48825', 'Canteen', 'Direct', 'Sales Arena', '0', '2020-01-13', '1', '0', '5', '5', '2020-01-13 14:55:45', '2020-01-13 14:55:45');INSERT INTO `tbl_payment` (`SN`, `payment_id`, `cuustomer`, `amount`, `invoice_id`, `type`, `payment_type`, `department`, `invoice_serial`, `payment_date`, `user`, `branch_id`, `vat`, `scharge`, `modified`, `created`) VALUES ('2', 'RC87141', '0', '1320', 'AF51457', 'Canteen', 'Direct', 'Sales Arena', '0', '2020-01-16', '1', '0', '5', '5', '2020-01-16 12:24:37', '2020-01-16 12:24:37');INSERT INTO `tbl_payment` (`SN`, `payment_id`, `cuustomer`, `amount`, `invoice_id`, `type`, `payment_type`, `department`, `invoice_serial`, `payment_date`, `user`, `branch_id`, `vat`, `scharge`, `modified`, `created`) VALUES ('3', 'WX46175', '0', '1320', 'NX68875', 'Canteen', 'Direct', 'Sales Arena', '0', '2020-01-16', '1', '0', '5', '5', '2020-01-16 12:30:42', '2020-01-16 12:30:42');INSERT INTO `tbl_payment` (`SN`, `payment_id`, `cuustomer`, `amount`, `invoice_id`, `type`, `payment_type`, `department`, `invoice_serial`, `payment_date`, `user`, `branch_id`, `vat`, `scharge`, `modified`, `created`) VALUES ('4', 'WK74666', '0', '1320', 'RS32836', 'Canteen', 'Direct', 'Sales Arena', '0', '2020-01-16', '1', '0', '5', '5', '2020-01-16 12:31:10', '2020-01-16 12:31:10');## TABLE STRUCTURE FOR: tbl_payment_payrole#DROP TABLE IF EXISTS `tbl_payment_payrole`;CREATE TABLE `tbl_payment_payrole` (
  `SN` int(11) NOT NULL AUTO_INCREMENT,
  `payment_id` varchar(60) NOT NULL,
  `month` varchar(15) NOT NULL,
  `month_number` varchar(15) NOT NULL,
  `year` varchar(15) NOT NULL,
  `total_pay` varchar(30) NOT NULL,
  `total_staff` varchar(40) NOT NULL,
  `type` varchar(20) NOT NULL,
  `pay_date` date NOT NULL,
  `status` int(11) NOT NULL,
  PRIMARY KEY (`SN`)
) ENGINE=InnoDB AUTO_INCREMENT=4 DEFAULT CHARSET=latin1;INSERT INTO `tbl_payment_payrole` (`SN`, `payment_id`, `month`, `month_number`, `year`, `total_pay`, `total_staff`, `type`, `pay_date`, `status`) VALUES ('1', 'ML73271', 'January', '1', '2020', '160000', '3', 'Salary', '2020-01-13', '1');INSERT INTO `tbl_payment_payrole` (`SN`, `payment_id`, `month`, `month_number`, `year`, `total_pay`, `total_staff`, `type`, `pay_date`, `status`) VALUES ('2', 'HM75908', 'February', '2', '2020', '160000', '3', 'Salary', '2020-01-13', '1');INSERT INTO `tbl_payment_payrole` (`SN`, `payment_id`, `month`, `month_number`, `year`, `total_pay`, `total_staff`, `type`, `pay_date`, `status`) VALUES ('3', 'TS46197', 'February', '2', '2020', '68200', '6', 'Salary', '0000-00-00', '0');## TABLE STRUCTURE FOR: tbl_payment_payrole_history#DROP TABLE IF EXISTS `tbl_payment_payrole_history`;CREATE TABLE `tbl_payment_payrole_history` (
  `SN` int(11) NOT NULL AUTO_INCREMENT,
  `payment_id` varchar(50) NOT NULL,
  `employee_id` varchar(20) NOT NULL,
  `month` varchar(10) NOT NULL,
  `month_no` varchar(10) NOT NULL,
  `year` varchar(10) NOT NULL,
  `salary` varchar(30) NOT NULL,
  `addition` int(11) NOT NULL,
  `deduction` int(11) NOT NULL,
  `loan_deduction` varchar(30) NOT NULL,
  `branch_id` int(11) NOT NULL,
  `department_id` int(11) NOT NULL,
  PRIMARY KEY (`SN`)
) ENGINE=InnoDB AUTO_INCREMENT=13 DEFAULT CHARSET=latin1;INSERT INTO `tbl_payment_payrole_history` (`SN`, `payment_id`, `employee_id`, `month`, `month_no`, `year`, `salary`, `addition`, `deduction`, `loan_deduction`, `branch_id`, `department_id`) VALUES ('1', '1', '1', 'January', '1', '2020', '30000', '0', '0', '0', '0', '0');INSERT INTO `tbl_payment_payrole_history` (`SN`, `payment_id`, `employee_id`, `month`, `month_no`, `year`, `salary`, `addition`, `deduction`, `loan_deduction`, `branch_id`, `department_id`) VALUES ('2', '1', '3', 'January', '1', '2020', '10000', '0', '0', '0', '0', '0');INSERT INTO `tbl_payment_payrole_history` (`SN`, `payment_id`, `employee_id`, `month`, `month_no`, `year`, `salary`, `addition`, `deduction`, `loan_deduction`, `branch_id`, `department_id`) VALUES ('3', '1', '4', 'January', '1', '2020', '120000', '0', '0', '0', '0', '0');INSERT INTO `tbl_payment_payrole_history` (`SN`, `payment_id`, `employee_id`, `month`, `month_no`, `year`, `salary`, `addition`, `deduction`, `loan_deduction`, `branch_id`, `department_id`) VALUES ('4', '2', '1', 'February', '2', '2020', '30000', '0', '0', '0', '0', '0');INSERT INTO `tbl_payment_payrole_history` (`SN`, `payment_id`, `employee_id`, `month`, `month_no`, `year`, `salary`, `addition`, `deduction`, `loan_deduction`, `branch_id`, `department_id`) VALUES ('5', '2', '3', 'February', '2', '2020', '10000', '0', '0', '0', '0', '0');INSERT INTO `tbl_payment_payrole_history` (`SN`, `payment_id`, `employee_id`, `month`, `month_no`, `year`, `salary`, `addition`, `deduction`, `loan_deduction`, `branch_id`, `department_id`) VALUES ('6', '2', '4', 'February', '2', '2020', '120000', '0', '0', '0', '0', '0');INSERT INTO `tbl_payment_payrole_history` (`SN`, `payment_id`, `employee_id`, `month`, `month_no`, `year`, `salary`, `addition`, `deduction`, `loan_deduction`, `branch_id`, `department_id`) VALUES ('7', '3', '1', 'February', '2', '2020', '30000', '0', '0', '0', '0', '0');INSERT INTO `tbl_payment_payrole_history` (`SN`, `payment_id`, `employee_id`, `month`, `month_no`, `year`, `salary`, `addition`, `deduction`, `loan_deduction`, `branch_id`, `department_id`) VALUES ('8', '3', '3', 'February', '2', '2020', '10000', '0', '0', '0', '0', '0');INSERT INTO `tbl_payment_payrole_history` (`SN`, `payment_id`, `employee_id`, `month`, `month_no`, `year`, `salary`, `addition`, `deduction`, `loan_deduction`, `branch_id`, `department_id`) VALUES ('9', '3', '4', 'February', '2', '2020', '1200', '0', '0', '0', '0', '0');INSERT INTO `tbl_payment_payrole_history` (`SN`, `payment_id`, `employee_id`, `month`, `month_no`, `year`, `salary`, `addition`, `deduction`, `loan_deduction`, `branch_id`, `department_id`) VALUES ('10', '3', '5', 'February', '2', '2020', '12000', '0', '0', '0', '0', '0');INSERT INTO `tbl_payment_payrole_history` (`SN`, `payment_id`, `employee_id`, `month`, `month_no`, `year`, `salary`, `addition`, `deduction`, `loan_deduction`, `branch_id`, `department_id`) VALUES ('11', '3', '6', 'February', '2', '2020', '12000', '0', '0', '0', '0', '0');INSERT INTO `tbl_payment_payrole_history` (`SN`, `payment_id`, `employee_id`, `month`, `month_no`, `year`, `salary`, `addition`, `deduction`, `loan_deduction`, `branch_id`, `department_id`) VALUES ('12', '3', '7', 'February', '2', '2020', '3000', '0', '0', '0', '0', '0');## TABLE STRUCTURE FOR: tbl_transfer_recieved#DROP TABLE IF EXISTS `tbl_transfer_recieved`;CREATE TABLE `tbl_transfer_recieved` (
  `SN` bigint(20) NOT NULL AUTO_INCREMENT,
  `tracking_id` varchar(100) NOT NULL,
  `stock_id` bigint(20) NOT NULL,
  `amt_in` bigint(20) NOT NULL,
  `amt_out` bigint(20) NOT NULL,
  `sold` bigint(20) NOT NULL,
  `date_` date NOT NULL,
  `balance` varchar(100) NOT NULL,
  `user` int(11) NOT NULL,
  PRIMARY KEY (`SN`)
) ENGINE=InnoDB AUTO_INCREMENT=82 DEFAULT CHARSET=latin1;INSERT INTO `tbl_transfer_recieved` (`SN`, `tracking_id`, `stock_id`, `amt_in`, `amt_out`, `sold`, `date_`, `balance`, `user`) VALUES ('1', 'FH01546', '4', '0', '0', '0', '2020-01-13', '17', '1');INSERT INTO `tbl_transfer_recieved` (`SN`, `tracking_id`, `stock_id`, `amt_in`, `amt_out`, `sold`, `date_`, `balance`, `user`) VALUES ('2', 'AD48633', '4', '0', '0', '0', '2020-01-13', '16', '1');INSERT INTO `tbl_transfer_recieved` (`SN`, `tracking_id`, `stock_id`, `amt_in`, `amt_out`, `sold`, `date_`, `balance`, `user`) VALUES ('3', 'GB92047', '4', '0', '0', '1', '2020-01-13', '15', '1');INSERT INTO `tbl_transfer_recieved` (`SN`, `tracking_id`, `stock_id`, `amt_in`, `amt_out`, `sold`, `date_`, `balance`, `user`) VALUES ('4', 'IN48825', '4', '0', '0', '1', '2020-01-13', '14', '1');INSERT INTO `tbl_transfer_recieved` (`SN`, `tracking_id`, `stock_id`, `amt_in`, `amt_out`, `sold`, `date_`, `balance`, `user`) VALUES ('5', 'IN48825', '1', '0', '0', '1', '2020-01-13', '19', '1');INSERT INTO `tbl_transfer_recieved` (`SN`, `tracking_id`, `stock_id`, `amt_in`, `amt_out`, `sold`, `date_`, `balance`, `user`) VALUES ('6', 'AF51457', '1', '0', '0', '1', '2020-01-16', '18', '1');INSERT INTO `tbl_transfer_recieved` (`SN`, `tracking_id`, `stock_id`, `amt_in`, `amt_out`, `sold`, `date_`, `balance`, `user`) VALUES ('7', 'YK67406', '1', '2', '0', '0', '2020-01-16', '22', '1');INSERT INTO `tbl_transfer_recieved` (`SN`, `tracking_id`, `stock_id`, `amt_in`, `amt_out`, `sold`, `date_`, `balance`, `user`) VALUES ('8', 'KR77916', '1', '2', '0', '0', '2020-01-16', '24', '1');INSERT INTO `tbl_transfer_recieved` (`SN`, `tracking_id`, `stock_id`, `amt_in`, `amt_out`, `sold`, `date_`, `balance`, `user`) VALUES ('9', 'FF48881', '1', '1', '0', '0', '2020-01-16', '25', '1');INSERT INTO `tbl_transfer_recieved` (`SN`, `tracking_id`, `stock_id`, `amt_in`, `amt_out`, `sold`, `date_`, `balance`, `user`) VALUES ('10', 'QM10562', '1', '1', '0', '0', '2020-01-16', '26', '1');INSERT INTO `tbl_transfer_recieved` (`SN`, `tracking_id`, `stock_id`, `amt_in`, `amt_out`, `sold`, `date_`, `balance`, `user`) VALUES ('11', 'HK59052', '1', '1', '0', '0', '2020-01-16', '27', '1');INSERT INTO `tbl_transfer_recieved` (`SN`, `tracking_id`, `stock_id`, `amt_in`, `amt_out`, `sold`, `date_`, `balance`, `user`) VALUES ('12', 'RZ17486', '1', '1', '0', '0', '2020-01-16', '28', '1');INSERT INTO `tbl_transfer_recieved` (`SN`, `tracking_id`, `stock_id`, `amt_in`, `amt_out`, `sold`, `date_`, `balance`, `user`) VALUES ('13', 'ZH61496', '1', '1', '0', '0', '2020-01-16', '29', '1');INSERT INTO `tbl_transfer_recieved` (`SN`, `tracking_id`, `stock_id`, `amt_in`, `amt_out`, `sold`, `date_`, `balance`, `user`) VALUES ('14', 'NX68875', '1', '0', '0', '1', '2020-01-16', '28', '1');INSERT INTO `tbl_transfer_recieved` (`SN`, `tracking_id`, `stock_id`, `amt_in`, `amt_out`, `sold`, `date_`, `balance`, `user`) VALUES ('15', 'RS32836', '1', '0', '0', '1', '2020-01-16', '27', '1');INSERT INTO `tbl_transfer_recieved` (`SN`, `tracking_id`, `stock_id`, `amt_in`, `amt_out`, `sold`, `date_`, `balance`, `user`) VALUES ('16', 'XS36367', '1', '0', '0', '1', '2020-01-20', '26', '1');INSERT INTO `tbl_transfer_recieved` (`SN`, `tracking_id`, `stock_id`, `amt_in`, `amt_out`, `sold`, `date_`, `balance`, `user`) VALUES ('17', 'XS36367', '6', '0', '0', '2', '2020-01-20', '9', '1');INSERT INTO `tbl_transfer_recieved` (`SN`, `tracking_id`, `stock_id`, `amt_in`, `amt_out`, `sold`, `date_`, `balance`, `user`) VALUES ('18', 'PF14856', '1', '0', '0', '1', '2020-01-20', '28', '1');INSERT INTO `tbl_transfer_recieved` (`SN`, `tracking_id`, `stock_id`, `amt_in`, `amt_out`, `sold`, `date_`, `balance`, `user`) VALUES ('19', 'PF14856', '5', '0', '0', '1', '2020-01-20', '10', '1');INSERT INTO `tbl_transfer_recieved` (`SN`, `tracking_id`, `stock_id`, `amt_in`, `amt_out`, `sold`, `date_`, `balance`, `user`) VALUES ('20', 'WY51720', '5', '0', '0', '1', '2020-01-20', '9', '1');INSERT INTO `tbl_transfer_recieved` (`SN`, `tracking_id`, `stock_id`, `amt_in`, `amt_out`, `sold`, `date_`, `balance`, `user`) VALUES ('21', 'FR78844', '7', '4', '0', '0', '2020-01-20', '34', '1');INSERT INTO `tbl_transfer_recieved` (`SN`, `tracking_id`, `stock_id`, `amt_in`, `amt_out`, `sold`, `date_`, `balance`, `user`) VALUES ('22', 'EF69484', '4', '0', '0', '1', '2020-01-22', '13', '1');INSERT INTO `tbl_transfer_recieved` (`SN`, `tracking_id`, `stock_id`, `amt_in`, `amt_out`, `sold`, `date_`, `balance`, `user`) VALUES ('23', 'IE10508', '4', '0', '0', '1', '2020-01-23', '12', '1');INSERT INTO `tbl_transfer_recieved` (`SN`, `tracking_id`, `stock_id`, `amt_in`, `amt_out`, `sold`, `date_`, `balance`, `user`) VALUES ('24', 'QM41037', '4', '0', '0', '2', '2020-01-23', '10', '3');INSERT INTO `tbl_transfer_recieved` (`SN`, `tracking_id`, `stock_id`, `amt_in`, `amt_out`, `sold`, `date_`, `balance`, `user`) VALUES ('25', 'QM41037', '7', '0', '0', '2', '2020-01-23', '32', '3');INSERT INTO `tbl_transfer_recieved` (`SN`, `tracking_id`, `stock_id`, `amt_in`, `amt_out`, `sold`, `date_`, `balance`, `user`) VALUES ('26', 'MD62267', '4', '0', '0', '2', '2020-01-24', '5', '1');INSERT INTO `tbl_transfer_recieved` (`SN`, `tracking_id`, `stock_id`, `amt_in`, `amt_out`, `sold`, `date_`, `balance`, `user`) VALUES ('27', 'KC50702', '4', '0', '0', '1', '2020-01-24', '4', '1');INSERT INTO `tbl_transfer_recieved` (`SN`, `tracking_id`, `stock_id`, `amt_in`, `amt_out`, `sold`, `date_`, `balance`, `user`) VALUES ('28', 'KP21024', '4', '0', '0', '2', '2020-01-24', '2', '1');INSERT INTO `tbl_transfer_recieved` (`SN`, `tracking_id`, `stock_id`, `amt_in`, `amt_out`, `sold`, `date_`, `balance`, `user`) VALUES ('29', 'KP21024', '7', '0', '0', '1', '2020-01-24', '31', '1');INSERT INTO `tbl_transfer_recieved` (`SN`, `tracking_id`, `stock_id`, `amt_in`, `amt_out`, `sold`, `date_`, `balance`, `user`) VALUES ('30', 'XB84841', '4', '0', '0', '1', '2020-01-24', '1', '3');INSERT INTO `tbl_transfer_recieved` (`SN`, `tracking_id`, `stock_id`, `amt_in`, `amt_out`, `sold`, `date_`, `balance`, `user`) VALUES ('31', 'DH20532', '4', '0', '0', '1', '2020-01-28', '0', '3');INSERT INTO `tbl_transfer_recieved` (`SN`, `tracking_id`, `stock_id`, `amt_in`, `amt_out`, `sold`, `date_`, `balance`, `user`) VALUES ('32', 'MU75749', '6', '0', '0', '1', '2020-01-28', '14', '3');INSERT INTO `tbl_transfer_recieved` (`SN`, `tracking_id`, `stock_id`, `amt_in`, `amt_out`, `sold`, `date_`, `balance`, `user`) VALUES ('33', 'DL16400', '6', '0', '0', '2', '2020-01-28', '12', '1');INSERT INTO `tbl_transfer_recieved` (`SN`, `tracking_id`, `stock_id`, `amt_in`, `amt_out`, `sold`, `date_`, `balance`, `user`) VALUES ('34', 'PY63134', '6', '0', '0', '1', '2020-01-28', '11', '1');INSERT INTO `tbl_transfer_recieved` (`SN`, `tracking_id`, `stock_id`, `amt_in`, `amt_out`, `sold`, `date_`, `balance`, `user`) VALUES ('35', 'KJ33046', '6', '0', '0', '1', '2020-01-30', '10', '1');INSERT INTO `tbl_transfer_recieved` (`SN`, `tracking_id`, `stock_id`, `amt_in`, `amt_out`, `sold`, `date_`, `balance`, `user`) VALUES ('36', 'TU03871', '6', '0', '0', '1', '2020-01-30', '9', '1');INSERT INTO `tbl_transfer_recieved` (`SN`, `tracking_id`, `stock_id`, `amt_in`, `amt_out`, `sold`, `date_`, `balance`, `user`) VALUES ('37', 'EJ82298', '6', '0', '0', '2', '2020-01-31', '7', '1');INSERT INTO `tbl_transfer_recieved` (`SN`, `tracking_id`, `stock_id`, `amt_in`, `amt_out`, `sold`, `date_`, `balance`, `user`) VALUES ('38', 'NY35598', '1', '2', '0', '0', '2020-02-01', '30', '1');INSERT INTO `tbl_transfer_recieved` (`SN`, `tracking_id`, `stock_id`, `amt_in`, `amt_out`, `sold`, `date_`, `balance`, `user`) VALUES ('39', 'NY35598', '5', '2', '0', '0', '2020-02-01', '11', '1');INSERT INTO `tbl_transfer_recieved` (`SN`, `tracking_id`, `stock_id`, `amt_in`, `amt_out`, `sold`, `date_`, `balance`, `user`) VALUES ('40', 'KN88495', '1', '2', '0', '0', '2020-02-01', '32', '1');INSERT INTO `tbl_transfer_recieved` (`SN`, `tracking_id`, `stock_id`, `amt_in`, `amt_out`, `sold`, `date_`, `balance`, `user`) VALUES ('41', 'ZB72925', '1', '3', '0', '0', '2020-02-01', '35', '1');INSERT INTO `tbl_transfer_recieved` (`SN`, `tracking_id`, `stock_id`, `amt_in`, `amt_out`, `sold`, `date_`, `balance`, `user`) VALUES ('42', 'ZB72925', '4', '3', '0', '0', '2020-02-01', '3', '1');INSERT INTO `tbl_transfer_recieved` (`SN`, `tracking_id`, `stock_id`, `amt_in`, `amt_out`, `sold`, `date_`, `balance`, `user`) VALUES ('43', 'ZB72925', '6', '3', '0', '0', '2020-02-01', '10', '1');INSERT INTO `tbl_transfer_recieved` (`SN`, `tracking_id`, `stock_id`, `amt_in`, `amt_out`, `sold`, `date_`, `balance`, `user`) VALUES ('44', 'IY73060', '4', '0', '1', '0', '2020-02-01', '2', '1');INSERT INTO `tbl_transfer_recieved` (`SN`, `tracking_id`, `stock_id`, `amt_in`, `amt_out`, `sold`, `date_`, `balance`, `user`) VALUES ('45', 'IY73060', '5', '0', '1', '0', '2020-02-01', '10', '1');INSERT INTO `tbl_transfer_recieved` (`SN`, `tracking_id`, `stock_id`, `amt_in`, `amt_out`, `sold`, `date_`, `balance`, `user`) VALUES ('46', 'RZ71703', '6', '0', '0', '1', '2020-02-01', '9', '1');INSERT INTO `tbl_transfer_recieved` (`SN`, `tracking_id`, `stock_id`, `amt_in`, `amt_out`, `sold`, `date_`, `balance`, `user`) VALUES ('47', 'LX21311', '4', '0', '0', '1', '2020-02-02', '1', '1');INSERT INTO `tbl_transfer_recieved` (`SN`, `tracking_id`, `stock_id`, `amt_in`, `amt_out`, `sold`, `date_`, `balance`, `user`) VALUES ('48', 'KX23229', '6', '0', '0', '2', '2020-02-02', '7', '1');INSERT INTO `tbl_transfer_recieved` (`SN`, `tracking_id`, `stock_id`, `amt_in`, `amt_out`, `sold`, `date_`, `balance`, `user`) VALUES ('49', 'JK80420', '6', '0', '0', '1', '2020-02-02', '6', '1');INSERT INTO `tbl_transfer_recieved` (`SN`, `tracking_id`, `stock_id`, `amt_in`, `amt_out`, `sold`, `date_`, `balance`, `user`) VALUES ('50', 'JK80420', '4', '0', '0', '1', '2020-02-02', '0', '1');INSERT INTO `tbl_transfer_recieved` (`SN`, `tracking_id`, `stock_id`, `amt_in`, `amt_out`, `sold`, `date_`, `balance`, `user`) VALUES ('51', 'JK80420', '7', '0', '0', '1', '2020-02-02', '30', '1');INSERT INTO `tbl_transfer_recieved` (`SN`, `tracking_id`, `stock_id`, `amt_in`, `amt_out`, `sold`, `date_`, `balance`, `user`) VALUES ('52', 'QY47788', '6', '0', '0', '1', '2020-02-02', '6', '1');INSERT INTO `tbl_transfer_recieved` (`SN`, `tracking_id`, `stock_id`, `amt_in`, `amt_out`, `sold`, `date_`, `balance`, `user`) VALUES ('53', 'DO53624', '4', '0', '0', '1', '2020-02-02', '0', '1');INSERT INTO `tbl_transfer_recieved` (`SN`, `tracking_id`, `stock_id`, `amt_in`, `amt_out`, `sold`, `date_`, `balance`, `user`) VALUES ('54', 'DO53624', '6', '0', '0', '1', '2020-02-02', '5', '1');INSERT INTO `tbl_transfer_recieved` (`SN`, `tracking_id`, `stock_id`, `amt_in`, `amt_out`, `sold`, `date_`, `balance`, `user`) VALUES ('55', 'DO53624', '7', '0', '0', '1', '2020-02-02', '30', '1');INSERT INTO `tbl_transfer_recieved` (`SN`, `tracking_id`, `stock_id`, `amt_in`, `amt_out`, `sold`, `date_`, `balance`, `user`) VALUES ('56', 'WD25938', '4', '0', '0', '2', '2020-02-02', '38', '1');INSERT INTO `tbl_transfer_recieved` (`SN`, `tracking_id`, `stock_id`, `amt_in`, `amt_out`, `sold`, `date_`, `balance`, `user`) VALUES ('57', 'DX48147', '4', '0', '0', '1', '2020-02-02', '37', '1');INSERT INTO `tbl_transfer_recieved` (`SN`, `tracking_id`, `stock_id`, `amt_in`, `amt_out`, `sold`, `date_`, `balance`, `user`) VALUES ('58', 'DX48147', '7', '0', '0', '1', '2020-02-02', '29', '1');INSERT INTO `tbl_transfer_recieved` (`SN`, `tracking_id`, `stock_id`, `amt_in`, `amt_out`, `sold`, `date_`, `balance`, `user`) VALUES ('59', 'GF66655', '4', '0', '0', '1', '2020-02-02', '36', '1');INSERT INTO `tbl_transfer_recieved` (`SN`, `tracking_id`, `stock_id`, `amt_in`, `amt_out`, `sold`, `date_`, `balance`, `user`) VALUES ('60', 'GF66655', '5', '0', '0', '1', '2020-02-02', '9', '1');INSERT INTO `tbl_transfer_recieved` (`SN`, `tracking_id`, `stock_id`, `amt_in`, `amt_out`, `sold`, `date_`, `balance`, `user`) VALUES ('61', 'WQ23671', '4', '0', '0', '1', '2020-02-02', '35', '1');INSERT INTO `tbl_transfer_recieved` (`SN`, `tracking_id`, `stock_id`, `amt_in`, `amt_out`, `sold`, `date_`, `balance`, `user`) VALUES ('62', 'WQ23671', '7', '0', '0', '1', '2020-02-02', '28', '1');INSERT INTO `tbl_transfer_recieved` (`SN`, `tracking_id`, `stock_id`, `amt_in`, `amt_out`, `sold`, `date_`, `balance`, `user`) VALUES ('63', 'BK88804', '4', '0', '0', '1', '2020-02-02', '34', '1');INSERT INTO `tbl_transfer_recieved` (`SN`, `tracking_id`, `stock_id`, `amt_in`, `amt_out`, `sold`, `date_`, `balance`, `user`) VALUES ('64', 'CU42174', '6', '0', '0', '2', '2020-02-02', '3', '1');INSERT INTO `tbl_transfer_recieved` (`SN`, `tracking_id`, `stock_id`, `amt_in`, `amt_out`, `sold`, `date_`, `balance`, `user`) VALUES ('65', 'LL62795', '4', '0', '0', '2', '2020-02-06', '32', '1');INSERT INTO `tbl_transfer_recieved` (`SN`, `tracking_id`, `stock_id`, `amt_in`, `amt_out`, `sold`, `date_`, `balance`, `user`) VALUES ('66', 'ZB66627', '4', '0', '0', '4', '2020-02-06', '24', '1');INSERT INTO `tbl_transfer_recieved` (`SN`, `tracking_id`, `stock_id`, `amt_in`, `amt_out`, `sold`, `date_`, `balance`, `user`) VALUES ('67', 'ZL1581238215', '10', '5', '0', '0', '2020-02-09', '5', '1');INSERT INTO `tbl_transfer_recieved` (`SN`, `tracking_id`, `stock_id`, `amt_in`, `amt_out`, `sold`, `date_`, `balance`, `user`) VALUES ('68', 'ZL1581238215', '4', '4', '0', '0', '2020-02-09', '28', '1');INSERT INTO `tbl_transfer_recieved` (`SN`, `tracking_id`, `stock_id`, `amt_in`, `amt_out`, `sold`, `date_`, `balance`, `user`) VALUES ('69', 'ZL1581238215', '6', '3', '0', '0', '2020-02-09', '6', '1');INSERT INTO `tbl_transfer_recieved` (`SN`, `tracking_id`, `stock_id`, `amt_in`, `amt_out`, `sold`, `date_`, `balance`, `user`) VALUES ('70', 'PL1581238242', '10', '0', '0', '1', '2020-02-09', '4', '1');INSERT INTO `tbl_transfer_recieved` (`SN`, `tracking_id`, `stock_id`, `amt_in`, `amt_out`, `sold`, `date_`, `balance`, `user`) VALUES ('71', 'ZU24288', '4', '0', '0', '1', '2020-02-10', '27', '1');INSERT INTO `tbl_transfer_recieved` (`SN`, `tracking_id`, `stock_id`, `amt_in`, `amt_out`, `sold`, `date_`, `balance`, `user`) VALUES ('72', 'ZU24288', '6', '0', '0', '1', '2020-02-10', '5', '1');INSERT INTO `tbl_transfer_recieved` (`SN`, `tracking_id`, `stock_id`, `amt_in`, `amt_out`, `sold`, `date_`, `balance`, `user`) VALUES ('73', 'DY57022', '4', '0', '0', '1', '2020-02-10', '26', '1');INSERT INTO `tbl_transfer_recieved` (`SN`, `tracking_id`, `stock_id`, `amt_in`, `amt_out`, `sold`, `date_`, `balance`, `user`) VALUES ('74', 'DY57022', '5', '0', '0', '1', '2020-02-10', '8', '1');INSERT INTO `tbl_transfer_recieved` (`SN`, `tracking_id`, `stock_id`, `amt_in`, `amt_out`, `sold`, `date_`, `balance`, `user`) VALUES ('75', 'SA25815', '4', '0', '0', '1', '2020-02-10', '25', '1');INSERT INTO `tbl_transfer_recieved` (`SN`, `tracking_id`, `stock_id`, `amt_in`, `amt_out`, `sold`, `date_`, `balance`, `user`) VALUES ('76', 'SA25815', '5', '0', '0', '1', '2020-02-10', '7', '1');INSERT INTO `tbl_transfer_recieved` (`SN`, `tracking_id`, `stock_id`, `amt_in`, `amt_out`, `sold`, `date_`, `balance`, `user`) VALUES ('77', 'ER98563', '4', '0', '0', '1', '2020-02-11', '24', '1');INSERT INTO `tbl_transfer_recieved` (`SN`, `tracking_id`, `stock_id`, `amt_in`, `amt_out`, `sold`, `date_`, `balance`, `user`) VALUES ('78', 'CJ1581502216', '4', '0', '0', '1', '2020-02-12', '23', '1');INSERT INTO `tbl_transfer_recieved` (`SN`, `tracking_id`, `stock_id`, `amt_in`, `amt_out`, `sold`, `date_`, `balance`, `user`) VALUES ('79', 'AA1581503324', '1', '5', '0', '0', '2020-02-12', '40', '1');INSERT INTO `tbl_transfer_recieved` (`SN`, `tracking_id`, `stock_id`, `amt_in`, `amt_out`, `sold`, `date_`, `balance`, `user`) VALUES ('80', 'AA1581503324', '4', '5', '0', '0', '2020-02-12', '28', '1');INSERT INTO `tbl_transfer_recieved` (`SN`, `tracking_id`, `stock_id`, `amt_in`, `amt_out`, `sold`, `date_`, `balance`, `user`) VALUES ('81', 'YX1581504865', '1', '5', '0', '0', '2020-02-12', '45', '1');## TABLE STRUCTURE FOR: user_autologin#DROP TABLE IF EXISTS `user_autologin`;CREATE TABLE `user_autologin` (
  `key_id` char(32) COLLATE utf8_bin NOT NULL,
  `user_id` int(11) NOT NULL DEFAULT '0',
  `user_agent` varchar(150) COLLATE utf8_bin NOT NULL,
  `last_ip` varchar(40) COLLATE utf8_bin NOT NULL,
  `last_login` timestamp NOT NULL DEFAULT CURRENT_TIMESTAMP ON UPDATE CURRENT_TIMESTAMP,
  PRIMARY KEY (`key_id`,`user_id`)
) ENGINE=InnoDB DEFAULT CHARSET=utf8 COLLATE=utf8_bin;## TABLE STRUCTURE FOR: user_profiles#DROP TABLE IF EXISTS `user_profiles`;CREATE TABLE `user_profiles` (
  `id` int(11) NOT NULL AUTO_INCREMENT,
  `user_id` int(11) NOT NULL,
  `country` varchar(20) COLLATE utf8_bin DEFAULT NULL,
  `website` varchar(255) COLLATE utf8_bin DEFAULT NULL,
  PRIMARY KEY (`id`)
) ENGINE=InnoDB AUTO_INCREMENT=10 DEFAULT CHARSET=utf8 COLLATE=utf8_bin;INSERT INTO `user_profiles` (`id`, `user_id`, `country`, `website`) VALUES ('1', '1', NULL, NULL);INSERT INTO `user_profiles` (`id`, `user_id`, `country`, `website`) VALUES ('2', '2', NULL, NULL);INSERT INTO `user_profiles` (`id`, `user_id`, `country`, `website`) VALUES ('3', '3', NULL, NULL);INSERT INTO `user_profiles` (`id`, `user_id`, `country`, `website`) VALUES ('4', '2', NULL, NULL);INSERT INTO `user_profiles` (`id`, `user_id`, `country`, `website`) VALUES ('5', '3', NULL, NULL);INSERT INTO `user_profiles` (`id`, `user_id`, `country`, `website`) VALUES ('6', '4', NULL, NULL);INSERT INTO `user_profiles` (`id`, `user_id`, `country`, `website`) VALUES ('7', '5', NULL, NULL);INSERT INTO `user_profiles` (`id`, `user_id`, `country`, `website`) VALUES ('8', '6', NULL, NULL);INSERT INTO `user_profiles` (`id`, `user_id`, `country`, `website`) VALUES ('9', '7', NULL, NULL);## TABLE STRUCTURE FOR: users#DROP TABLE IF EXISTS `users`;CREATE TABLE `users` (
  `id` int(11) NOT NULL AUTO_INCREMENT,
  `firstname` varchar(100) COLLATE utf8_bin NOT NULL,
  `lastname` varchar(100) COLLATE utf8_bin NOT NULL,
  `username` varchar(50) COLLATE utf8_bin NOT NULL,
  `bank_name` varchar(400) COLLATE utf8_bin NOT NULL,
  `bank_account_name` varchar(300) COLLATE utf8_bin NOT NULL,
  `bank_account_no` varchar(60) COLLATE utf8_bin NOT NULL,
  `salary` varchar(300) COLLATE utf8_bin NOT NULL,
  `password` varchar(255) COLLATE utf8_bin NOT NULL,
  `email` varchar(100) COLLATE utf8_bin NOT NULL,
  `activated` tinyint(1) NOT NULL DEFAULT '1',
  `banned` tinyint(1) NOT NULL DEFAULT '0',
  `ban_reason` varchar(255) COLLATE utf8_bin DEFAULT NULL,
  `new_password_key` varchar(50) COLLATE utf8_bin DEFAULT NULL,
  `new_password_requested` datetime DEFAULT NULL,
  `new_email` varchar(100) COLLATE utf8_bin DEFAULT NULL,
  `new_email_key` varchar(50) COLLATE utf8_bin DEFAULT NULL,
  `last_ip` varchar(40) COLLATE utf8_bin NOT NULL,
  `last_login` datetime NOT NULL DEFAULT '0000-00-00 00:00:00',
  `created` datetime NOT NULL DEFAULT '0000-00-00 00:00:00',
  `modified` timestamp NOT NULL DEFAULT CURRENT_TIMESTAMP ON UPDATE CURRENT_TIMESTAMP,
  `branch_id` int(11) NOT NULL,
  `role` enum('Sales Representative','Administrator','Manager','Accountant','Auditor','Stock Officer','Others','Superuser') COLLATE utf8_bin NOT NULL,
  PRIMARY KEY (`id`)
) ENGINE=InnoDB AUTO_INCREMENT=9 DEFAULT CHARSET=utf8 COLLATE=utf8_bin;INSERT INTO `users` (`id`, `firstname`, `lastname`, `username`, `bank_name`, `bank_account_name`, `bank_account_no`, `salary`, `password`, `email`, `activated`, `banned`, `ban_reason`, `new_password_key`, `new_password_requested`, `new_email`, `new_email_key`, `last_ip`, `last_login`, `created`, `modified`, `branch_id`, `role`) VALUES ('1', 'Fwefwe', 'Wefwe', 'admin', 'Wefwef', 'Wefwef', '1233223', '30000', '$2a$08$6nZ/WpXeawimlwmbJJBG3.JLp15zMH7yLfHXtLzh21zDebhyABrcm', 'admin@admin.com', '1', '0', NULL, NULL, NULL, NULL, NULL, '::1', '2020-02-12 11:09:30', '2018-12-17 09:20:31', '2020-02-12 11:09:30', '0', 'Administrator');INSERT INTO `users` (`id`, `firstname`, `lastname`, `username`, `bank_name`, `bank_account_name`, `bank_account_no`, `salary`, `password`, `email`, `activated`, `banned`, `ban_reason`, `new_password_key`, `new_password_requested`, `new_email`, `new_email_key`, `last_ip`, `last_login`, `created`, `modified`, `branch_id`, `role`) VALUES ('3', 'Ewfwef', 'Wefwef', 'sales', 'Wefwef', 'Wefwef', '2353534', '10000', '$2a$08$y91pOI268.kfsmTVZCe0g.WMGDDJi3AXvEoYVs8Is6RZA5CaN96Ja', 'sales@sales.com', '1', '0', NULL, NULL, NULL, NULL, NULL, '::1', '2020-02-12 11:06:09', '2019-12-07 01:18:47', '2020-02-12 11:06:09', '0', 'Sales Representative');INSERT INTO `users` (`id`, `firstname`, `lastname`, `username`, `bank_name`, `bank_account_name`, `bank_account_no`, `salary`, `password`, `email`, `activated`, `banned`, `ban_reason`, `new_password_key`, `new_password_requested`, `new_email`, `new_email_key`, `last_ip`, `last_login`, `created`, `modified`, `branch_id`, `role`) VALUES ('4', 'Accontant', 'Accontant', 'accountant', 'GT BANK', 'Yusuf Olatunji', '38484544', '1200', '$2a$08$M5yf.muDiBxIZlWZgNczUO.E5jbA3iTGNfeYUU.yC8aXhsaUhak9W', 'accontant@accontant.com', '1', '0', NULL, NULL, NULL, NULL, NULL, '::1', '2020-01-24 14:37:44', '2020-01-08 14:43:39', '2020-01-24 14:37:44', '0', 'Accountant');INSERT INTO `users` (`id`, `firstname`, `lastname`, `username`, `bank_name`, `bank_account_name`, `bank_account_no`, `salary`, `password`, `email`, `activated`, `banned`, `ban_reason`, `new_password_key`, `new_password_requested`, `new_email`, `new_email_key`, `last_ip`, `last_login`, `created`, `modified`, `branch_id`, `role`) VALUES ('5', 'Manager', 'Manager', 'manager', 'Sky Bank', 'Manager Manager', '090887373', '12000', '$2a$08$M5yf.muDiBxIZlWZgNczUO.E5jbA3iTGNfeYUU.yC8aXhsaUhak9W', 'manager@manager.com', '1', '0', NULL, NULL, NULL, NULL, NULL, '::1', '2020-01-24 14:39:38', '2020-01-23 11:15:02', '2020-01-24 14:39:38', '0', 'Manager');INSERT INTO `users` (`id`, `firstname`, `lastname`, `username`, `bank_name`, `bank_account_name`, `bank_account_no`, `salary`, `password`, `email`, `activated`, `banned`, `ban_reason`, `new_password_key`, `new_password_requested`, `new_email`, `new_email_key`, `last_ip`, `last_login`, `created`, `modified`, `branch_id`, `role`) VALUES ('6', 'Stock', 'Officer', 'stock', 'GT BANK', 'Stock Officer', '014010012', '12000', '$2a$08$Mfd60/M7RA6Kc9xnn8dXY.OBPQJ44YFCDmgFtbqHLo7NZWbCz34Va', 'stock@gmail.com', '1', '0', NULL, NULL, NULL, NULL, NULL, '::1', '2020-01-29 13:23:30', '2020-01-29 11:05:59', '2020-01-29 13:23:30', '0', 'Stock Officer');INSERT INTO `users` (`id`, `firstname`, `lastname`, `username`, `bank_name`, `bank_account_name`, `bank_account_no`, `salary`, `password`, `email`, `activated`, `banned`, `ban_reason`, `new_password_key`, `new_password_requested`, `new_email`, `new_email_key`, `last_ip`, `last_login`, `created`, `modified`, `branch_id`, `role`) VALUES ('7', 'Others', 'Staff', 'other', 'Other Acc', 'Other Staff', '039848545', '3000', '', 'other@yahoo.com', '1', '0', NULL, NULL, NULL, NULL, NULL, '::1', '2020-01-29 11:31:12', '2020-01-29 11:22:24', '2020-01-29 11:36:25', '0', 'Others');INSERT INTO `users` (`id`, `firstname`, `lastname`, `username`, `bank_name`, `bank_account_name`, `bank_account_no`, `salary`, `password`, `email`, `activated`, `banned`, `ban_reason`, `new_password_key`, `new_password_requested`, `new_email`, `new_email_key`, `last_ip`, `last_login`, `created`, `modified`, `branch_id`, `role`) VALUES ('8', 'Fwefwe', 'Wefwe', 'superuser', 'Wefwef', 'Wefwef', '1233223', '30000', '$2a$08$6nZ/WpXeawimlwmbJJBG3.JLp15zMH7yLfHXtLzh21zDebhyABrcm', 'admin@admin.com', '1', '0', NULL, NULL, NULL, NULL, NULL, '::1', '2020-02-06 13:10:42', '2018-12-17 09:20:31', '2020-02-06 13:10:42', '0', 'Superuser');